,N,Z,A,m,be,be_RFR,be_XGB,be_MLP,BE_SEMF,be_a_semf,be_a_RFR,be_a_XGB,be_a_MLP,be_a
0,0,1,1,1.007825032,0.047823608,-1.839576153,-2.028259,0.648924434,-25.75,-25.75,-1.839576153,-2.028259,0.648924434,0.047823608
1,3,3,6,6.015122794,32.12192619,28.06495672,30.711208,33.93754328,33.3780247,5.563004116,4.677492786666667,5.118534666666666,5.656257213333333,5.353654365
2,6,1,7,7.052749,6.6285338,22.03638079,17.659521,9.205378735,-39.52849878,-5.646928397,3.1480543985714284,2.5227887142857144,1.315054105,0.9469334
3,3,5,8,8.024607233,37.95777028,39.43796526,46.73168,41.712099,35.84,4.48,4.9297456575,5.84146,5.214012375,4.744721285
4,6,2,8,8.033921897,31.48949509,34.35193629,40.64195,26.63313261,6.689,0.836125,4.29399203625,5.08024375,3.32914157625,3.936186886
5,3,6,9,9.031036689,39.30487514,39.73705684,48.901752,41.81587537,30.7794785,3.419942056,4.415228537777778,5.433528,4.646208374444445,4.367208349
6,4,5,9,9.013328782,56.52549556,49.67114808,56.444443,59.22310497,55.26427665,6.140475183,5.519016453333333,6.271604777777778,6.580344996666667,6.280610618
7,5,4,9,9.012182201,58.32752147,52.53839192,57.819542,57.19092327,57.99878183,6.444309093,5.837599102222223,6.424393555555556,6.35454703,6.480835719
8,8,2,10,10.05239884,30.42243596,43.71422291,34.809223,30.3995666,-11.10031517,-1.110031517,4.371422291,3.4809223000000005,3.03995666,3.042243596
9,8,4,12,12.02692074,68.80840386,70.59128053,67.23343,69.19736307,60.3749121,5.031242675,5.8826067108333335,5.602785833333333,5.766446922499999,5.734033655
10,7,5,12,12.0143521,79.7752487,82.07847091,79.01628,80.9278622,81.59044926,6.799204105,6.839872575833333,6.584689999999999,6.7439885166666675,6.647937392
11,4,8,12,12.0344049,58.9024149,72.50356291,73.92005,58.96246086,46.71036647,3.89253054,6.041963575833333,6.160004166666667,4.913538405,4.908534575
12,9,3,12,12.05378,44.5369918,64.23160976,60.18946,52.52388037,22.73825923,1.894854936,5.3526341466666665,5.015788333333333,4.376990030833333,3.711415983
13,6,7,13,13.00573861,94.39277729,88.03101154,82.48455,91.69725926,91.81471036,7.062670027,6.771616272307692,6.344965384615384,7.053635327692307,7.260982868
14,7,6,13,13.00335484,97.34662616,91.14790545,89.51719,92.90065284,95.4432878,7.341791369,7.011377342307692,6.885937692307692,7.146204064615385,7.488202012
15,8,6,14,14.00324199,105.5191769,98.30173442,103.79793,99.13895649,101.4820854,7.248720385,7.021552458571429,7.4141378571428564,7.0813540349999995,7.537084064
16,8,7,15,15.0001089,115.7690121,108.0695571,104.61956,110.6519486,114.2983567,7.61989045,7.20463714,6.974637333333334,7.376796573333333,7.71793414
17,8,8,16,15.99491462,127.9378152,113.9894565,124.69851,119.1160307,123.176055,7.698503439,7.12434103125,7.793656875,7.44475191875,7.99611345
18,11,5,16,16.03980883,88.34498267,88.75055573,94.81666,91.87782056,80.00883436,5.000552148,5.546909733125,5.92604125,5.742363785,5.521561417
19,9,7,16,16.00610166,118.2572399,112.4096207,118.119026,118.4046689,121.2013025,7.575081409,7.02560129375,7.382439125,7.40029180625,7.391077494
20,9,8,17,16.9991317,132.0792011,129.6164712,128.59862,128.7341733,133.1864927,7.834499572,7.624498305882353,7.564624705882354,7.572598429411765,7.769364771
21,12,5,17,17.04698991,89.72688459,93.62740704,81.44577,93.35392806,76.22341466,4.483730274,5.5074945317647055,4.790927647058823,5.491407532941176,5.278052035
22,12,6,18,18.02675935,115.8944644,114.9628252,107.84343,112.528285,105.7056006,5.872533368,6.386823622222222,5.991301666666667,6.251571388888888,6.438581356
23,7,12,19,19.03547,111.4449826,126.951461,118.87594,114.6083351,106.1516338,5.586928094,6.681655842105263,6.256628421052632,6.032017636842106,5.8655254
24,12,7,19,19.0170287,132.2866279,134.1768522,121.83342,132.5288301,130.1322815,6.849067449,7.061939589473685,6.412285263157895,6.975201584210526,6.9624541
25,13,6,19,19.03480502,116.471433,116.9692328,105.998764,114.0890976,103.3928591,5.441729428,6.156275410526316,5.578882315789474,6.004689347368421,6.130075421
26,14,7,21,21.02710824,139.037551,137.7387805,138.5251,135.5894722,129.1386213,6.149458157,6.558989547619047,6.596433333333334,6.4566415333333325,6.620835762
27,8,13,21,21.02804,133.7627284,141.2480053,142.74687,134.2737502,126.8454927,6.040261555,6.72609549047619,6.79747,6.393988104761904,6.369653733
28,14,8,22,22.00996695,162.3290204,162.2783888,156.26132,155.5148447,153.7531767,6.988780757,7.376290399999999,7.102787272727273,7.068856577272727,7.378591836
29,14,9,23,23.00357463,175.6131987,176.6871853,171.91579,175.5492533,174.5293752,7.588233704,7.682051534782609,7.474599565217391,7.632576230434783,7.635356465
30,10,13,23,23.00726743,169.2369659,173.1036735,172.13548,169.6493754,170.0153495,7.391971715,7.526246673913044,7.484151304347826,7.3760598,7.358128952
31,9,15,24,24.03435,150.6214626,165.6837659,165.19698,152.2353123,142.5851459,5.941047744,6.903490245833333,6.8832075,6.3431380125,6.275894275
32,14,11,25,24.98995397,202.9598899,200.5621792,196.77983,199.9039071,206.282697,8.25130788,8.022487168,7.8711932000000004,7.996156284,8.118395596
33,12,13,25,24.9904281,201.0493569,199.4982358,195.6381,202.2553416,202.6814023,8.107256093,7.9799294320000005,7.825524000000001,8.090213664,8.041974276
34,18,7,25,25.06066,140.070812,155.690518,145.13956,141.8466101,116.6414804,4.665659216,6.22762072,5.8055824,5.673864404,5.60283248
35,18,8,26,26.03834,168.1836604,172.6696983,178.06181,161.7194504,148.6865194,5.718712285,6.6411422423076925,6.848531153846154,6.219978861538461,6.468602323
36,10,16,26,26.02788,172.0454484,183.2906056,189.83006,171.1044067,162.8649223,6.264035475,7.0496386769230766,7.301156153846154,6.580938719230769,6.617132631
37,13,13,26,25.98689169,212.409242,215.0673643,217.40733,212.3054619,215.8403337,8.301551296,8.271821703846154,8.361820384615385,8.165594688461539,8.169586231
38,12,16,28,28.00437276,210.0656636,209.0186505,212.50182,207.5900229,207.1309788,7.397534957,7.464951803571429,7.589350714285715,7.413929389285714,7.502345129
39,16,12,28,27.98387683,232.0856105,225.6750928,226.02821,226.8665502,232.4185632,8.300662972,8.059824742857142,8.072436071428571,8.102376792857143,8.288771804
40,20,8,28,28.05781,166.1920652,175.4529522,178.0739,164.8753481,141.8706729,5.066809747,6.266176864285714,6.359782142857143,5.888405289285714,5.9354309
41,14,15,29,28.98180061,239.8823817,230.8965871,232.90915,241.1039944,239.3177291,8.252335485,7.961951279310345,8.03135,8.31393084137931,8.271806266
42,18,11,29,29.002861,223.2133946,219.0688279,215.70433,224.1047627,223.2322874,7.697665082,7.554097513793104,7.438080344827586,7.727750437931035,7.697013607
43,17,12,29,28.9886,235.7558266,225.4356745,223.9379,234.2444702,237.7548087,8.198441679,7.773643948275862,7.721996551724138,8.07739552413793,8.129511262
44,16,13,29,28.98044505,242.6135261,233.5478206,237.91745,239.2435188,245.2765561,8.457812278,8.05337312413793,8.20405,8.249776510344828,8.365983659
45,15,14,29,28.9764947,245.5567429,232.9833276,234.48364,241.7463667,245.7975295,8.47577688,8.033907848275861,8.08564275862069,8.336081610344827,8.467473893
46,19,10,29,29.01938593,208.5632438,208.3996282,199.7313,204.2184962,201.7089921,6.955482488,7.186194075862069,6.887286206896552,7.042017110344828,7.191835993
47,18,12,30,29.990434,242.11586,239.2943971,237.87883,241.5817311,241.9985196,8.066617321,7.976479903333333,7.929294333333333,8.05272437,8.070528667
48,14,16,30,29.98490325,244.3267523,242.2729472,250.4903,243.5473506,242.5658533,8.085528445,8.075764906666667,8.349676666666666,8.11824502,8.144225077
49,19,11,30,30.008976,225.587817,228.7678648,225.77148,225.8602997,224.9125813,7.497086043,7.625595493333334,7.525716,7.528676656666667,7.5195939
50,21,10,31,31.03311,211.9211094,212.0866163,204.7717,207.3076034,199.7182754,6.442525012,6.841503751612903,6.60553870967742,6.687342045161291,6.836164819
51,19,12,31,30.996546,244.4930754,246.7160687,237.12007,245.594824,245.2574254,7.91152985,7.958582861290322,7.649034516129032,7.922413677419354,7.8868734
52,17,14,31,30.97536323,262.7451163,261.4840386,258.10596,258.9087178,264.5213904,8.532948077,8.434968987096775,8.32599870967742,8.351894122580644,8.475648913
53,20,12,32,31.998975,250.2991638,251.1503048,245.61354,248.5075547,247.6257149,7.738303591,7.848447025,7.675423125,7.765861084375,7.821848869
54,16,17,33,32.97745189,274.7318716,272.4372167,279.8773,278.3527373,275.6074555,8.351741076,8.255673233333335,8.481130303030303,8.434931433333333,8.32520823
55,23,10,33,33.04938,212.9087142,217.9881448,221.13487,210.4244759,195.296048,5.918062061,6.605701357575757,6.701056666666667,6.37649926969697,6.451779218
56,20,13,33,32.99084334,265.2026677,265.3694772,269.34058,267.093525,266.8479371,8.086301123,8.04149930909091,8.161835757575757,8.093743181818182,8.036444476
57,16,18,34,33.98027124,279.4399852,274.3131331,276.2107,278.9924707,278.7412119,8.198270939,8.068033326470589,8.123844117647058,8.205660902941176,8.218823094
58,16,19,35,34.98800969,279.5684166,275.7969339,279.68066,278.7392621,280.3607154,8.010306154,7.879912397142857,7.990876,7.963978917142858,7.987669046
59,17,18,35,34.97525759,292.1751807,293.7464749,289.6245,295.2227918,293.6028295,8.388652273,8.392756425714285,8.274985714285714,8.434936908571428,8.347862306
60,23,12,35,35.01734,257.403811,259.178934,256.7695,253.585719,250.1663813,7.147610895,7.405112400000001,7.336271428571428,7.2453062571428575,7.3543946
61,16,20,36,35.99308706,282.1743135,276.4576892,281.8343,278.4619557,280.5732471,7.793701307,7.6793802555555555,7.8287305555555555,7.735054324999999,7.838175375
62,21,15,36,35.97825968,299.6513993,299.9046554,299.08878,300.6205478,304.0124747,8.444790965,8.330684872222223,8.308021666666667,8.350570772222222,8.323649981
63,23,14,37,36.99293608,294.7897173,299.9926205,294.68442,294.4591319,294.3867634,7.956399012,8.107908662162162,7.964443783783784,7.958354916216216,7.967289657
64,25,12,37,37.0314,260.4489258,261.1712305,253.31564,256.6784898,248.6877532,6.721290628,7.058681905405405,6.846368648648649,6.937256481081081,7.039160157
65,22,15,37,36.97960895,306.4627163,308.9730196,304.3172,307.9509872,308.9096686,8.348909962,8.35062215135135,8.22478918918919,8.322999654054053,8.282776116
66,20,18,38,37.96273239,328.0386041,322.2254136,326.2921,329.5863657,330.1002841,8.686849583,8.479616147368422,8.586634210526316,8.673325413157894,8.632594845
67,24,14,38,37.9956336,300.3458136,304.0342773,302.89365,297.3756512,296.4504681,7.801328109,8.000902034210526,7.970885526315789,7.825675031578947,7.9038372
68,23,16,39,38.97513431,326.029022,325.6867157,326.78757,327.6247309,329.4491675,8.44741455,8.350941428205127,8.379168461538463,8.400634125641025,8.359718513
69,20,19,39,38.96370668,334.4644685,330.8346433,332.44504,336.6494607,337.2331201,8.647003079,8.482939571794871,8.524231794871795,8.632037453846154,8.576012013
70,23,17,40,39.97041547,337.7551904,338.0069653,335.638,339.9835869,343.9317732,8.59829433,8.450174132499999,8.39095,8.499589672499999,8.44387976
71,25,15,40,39.99129695,319.7836505,321.0858596,314.87225,318.8936255,318.9014282,7.972535705,8.02714649,7.871806250000001,7.972340637499999,7.994591263
72,18,22,40,39.99049884,315.384778,317.196365,309.22855,313.9255837,316.2812176,7.907030439,7.929909125,7.73071375,7.8481395925,7.88461945
73,27,14,41,41.01456,306.9277974,316.0164304,317.56476,302.9449363,298.8869401,7.289925368,7.7077178146341465,7.745481951219512,7.388900885365853,7.486043839
74,28,13,41,41.03833,285.5324864,302.5870651,303.33917,282.9185523,271.8772395,6.631152183,7.380172319512195,7.398516341463416,6.900452495121951,6.964206985
75,24,18,42,41.96304574,360.0168249,355.8878978,354.87927,359.6165883,363.522135,8.655288928,8.473521376190476,8.449506428571429,8.562299721428571,8.571829164
76,29,13,42,42.04689,285.6306138,301.8599334,302.92902,284.4816235,270.0608608,6.430020496,7.187141271428571,7.2125957142857136,6.7733719880952385,6.8007289
77,20,22,42,41.9730309,347.7824049,346.8758743,335.58334,349.9010367,349.6704315,8.325486465,8.258949388095239,7.990079523809524,8.330977064285715,8.28053345
78,25,17,42,41.9732548,351.246749,349.5328786,343.8388,354.6464469,354.6766271,8.444681598,8.322211395238096,8.186638095238095,8.443963021428571,8.363017833
79,19,24,43,42.99771,331.4045322,336.9950828,343.91165,331.8715906,332.9712325,7.743517035,7.837094948837208,7.997945348837209,7.71794396744186,7.707082144
80,28,15,43,43.00619,330.1206832,333.6276039,331.87695,326.0787048,323.0112618,7.51188981,7.758781486046511,7.7180686046511635,7.583225693023256,7.677225191
81,29,14,43,43.02866,309.9356722,329.3954778,328.3349,306.0381433,297.8286286,6.926247176,7.6603599488372085,7.635695348837209,7.117166123255814,7.20780633
82,25,18,43,42.96563606,365.6727243,367.5477258,370.16394,366.9644928,369.6679978,8.596930181,8.54762153023256,8.608463720930233,8.534057972093024,8.504016844
83,26,17,43,42.9740544,358.5698088,362.226395,359.46048,358.9302092,358.9309464,8.347231313,8.423869651162791,8.359546046511628,8.34721416744186,8.338832763
84,30,14,44,44.03526,311.8585596,331.3706445,330.91995,307.5798393,296.6071208,6.741070926,7.531151011363637,7.520907954545454,6.990450893181818,7.087694536
85,19,25,44,44.00687,330.2095006,338.7709453,337.97333,332.5277776,330.9233599,7.520985452,7.699339665909091,7.6812120454545445,7.55744949090909,7.504761377
86,20,25,45,44.99451,349.784148,350.1670909,346.87848,349.2882703,350.4506867,7.787793038,7.781490908888889,7.708410666666667,7.761961562222223,7.772981067
87,28,17,45,44.98028689,368.9023354,371.4033927,363.58557,364.7750636,365.4557684,8.121239297,8.253408726666667,8.079679333333333,8.106112524444445,8.197829676
88,26,20,46,45.95369259,399.5254391,396.0473002,397.4157,398.9583922,402.0265667,8.739707971,8.609723917391305,8.639471739130435,8.673008526086956,8.685335633
89,21,25,46,45.98672,365.1041254,365.241724,365.3176,366.9419732,368.6753437,8.014681385,7.940037478260869,7.94168695652174,7.976999417391305,7.937046204
90,31,16,47,47.00859,359.4216738,363.8152445,366.98114,352.2693642,347.687942,7.397615787,7.740749882978723,7.808109361702127,7.4950928553191485,7.647269655
91,29,18,47,46.97218679,391.8439443,395.8234372,397.76642,386.2399385,387.1273748,8.236752655,8.421775259574469,8.463115319148935,8.217871031914893,8.337105198
92,25,23,48,47.95225371,414.7963342,415.3844971,412.01956,416.4270917,419.93435,8.748632292,8.653843689583333,8.583740833333334,8.675564410416667,8.641590296
93,33,16,49,49.023619,361.5646496,375.7042393,376.47092,355.3727027,346.9853453,7.081333577,7.66743345510204,7.6830799999999995,7.252504136734694,7.3788704
94,24,25,49,48.95961801,414.5385403,418.2946268,418.17993,413.310507,416.3356094,8.496645089,8.536625036734694,8.534284285714286,8.434908306122448,8.45997021
95,31,19,50,49.97278336,414.7564408,414.7894399,411.09787,410.7059762,411.6565105,8.233130209,8.295788798,8.2219574,8.214119524000001,8.295128816
96,25,25,50,49.95423823,427.6146029,429.1309643,424.82346,425.5821216,430.1197766,8.602395532,8.582619286,8.4964692,8.511642432,8.552292058
97,23,27,50,49.98154,400.727537,401.3946141,396.05295,401.7489248,402.8502772,8.057005543,8.027892282,7.9210590000000005,8.034978496,8.01455074
98,29,21,50,49.95218769,432.4618916,431.8212318,429.15668,433.0597621,434.5228933,8.690457865,8.636424636000001,8.5831336,8.661195242,8.649237832
99,28,22,50,49.94479119,438.6134741,433.8214941,431.46634,438.104743,439.6890994,8.793781987,8.676429882,8.6293268,8.76209486,8.772269482
100,29,22,51,50.94661496,444.9830316,442.1375664,445.22397,445.3369813,447.1086654,8.766836577,8.669364047058824,8.729881764705883,8.732097672549019,8.725157482
101,32,19,51,50.97638,419.4754564,417.9294599,417.57376,413.6351814,414.3510017,8.124529445,8.194695292156862,8.187720784313726,8.110493752941176,8.225008949
102,34,18,52,51.99678,409.2851028,412.4494116,404.12088,400.0603846,396.0504492,7.616354792,7.931719453846155,7.771555384615384,7.693468934615385,7.870867362
103,31,21,52,51.95667547,444.4187432,447.2869636,438.3703,447.4360785,445.434774,8.566053346,8.601672376923077,8.430198076923077,8.604539971153846,8.546514292
104,32,20,52,51.9651,437.3100648,437.9353588,430.29977,432.0035181,433.000463,8.326931981,8.421833823076923,8.274995576923077,8.307759963461539,8.409808938
105,25,27,52,51.96359,433.5739618,434.9354792,423.46753,434.8074408,435.4708973,8.374440332,8.36414383076923,8.143606346153847,8.361681553846154,8.337960804
106,26,26,52,51.94811388,448.7167885,447.3348635,442.8503,442.4146803,447.1993699,8.599987882,8.602593528846153,8.516351923076924,8.507974621153846,8.62916901
107,28,24,52,51.94050747,457.2674742,452.3990371,451.88397,454.4070357,458.5749233,8.818748526,8.699981482692307,8.690076346153846,8.738596840384615,8.793605273
108,34,19,53,52.98712,425.6114912,429.2450594,427.62436,419.5436335,418.2497493,7.891504704,8.09896338490566,8.068384150943396,7.915917613207547,8.030405494
109,27,26,53,52.94530794,459.3966061,459.7261615,461.8334,454.7108513,460.1167081,8.681447322,8.674078518867924,8.713837735849056,8.579450024528303,8.667860492
110,35,18,53,53.00494,409.7556302,423.9365655,420.56454,401.6190935,396.4450595,7.480095462,7.998803122641509,7.935180000000001,7.577718745283019,7.731238306
111,28,25,53,52.94129012,463.8717555,461.9137308,464.95068,462.0520218,466.0034858,8.792518599,8.715353411320754,8.77265433962264,8.717962675471698,8.752297274
112,32,22,54,53.9510524,465.0542372,464.6357655,464.1864,467.0193237,465.4040172,8.618592911,8.604366027777777,8.596044444444445,8.648505994444443,8.612115504
113,26,28,54,53.9579055,454.2666471,453.5925786,453.02515,451.6441961,452.2338853,8.374701579,8.399862566666668,8.38935462962963,8.363781409259259,8.412345317
114,29,25,54,53.94035885,472.8062552,472.3989884,471.91132,471.4299453,476.3119145,8.820591008,8.748129414814814,8.739098518518519,8.730184172222222,8.755671393
115,31,24,55,54.94083967,481.1606582,477.9550932,479.21976,482.5731492,484.5019693,8.809126715,8.690092603636364,8.713086545454546,8.774057258181818,8.748375604
116,34,21,55,54.96824395,457.8509505,455.8165346,454.78152,456.2993369,457.4715987,8.317665431,8.287573356363637,8.268754909090909,8.29635158,8.324562736
117,30,25,55,54.93804514,483.0278067,480.080785,480.59235,480.7935655,485.8697074,8.83399468,8.728741545454545,8.738042727272727,8.74170119090909,8.782323758
118,29,27,56,55.93983928,487.9558317,490.2201245,489.41467,483.6476227,489.3045774,8.737581739,8.753930794642857,8.739547678571428,8.63656469107143,8.713496995
119,35,21,56,55.97287,461.6115854,462.57753,461.38422,459.264486,460.4544427,8.222400762,8.260313035714287,8.23900392857143,8.201151535714285,8.243064025
120,36,20,56,55.98557,450.5224444,452.7200243,453.24246,443.8915114,442.4952037,7.901700066,8.084286148214286,8.093615357142857,7.9266341321428575,8.04504365
121,28,28,56,55.94213202,485.0867318,484.3535546,485.84738,476.1093077,480.96205,8.588608036,8.649170617857143,8.675846071428571,8.501951923214286,8.662263068
122,26,31,57,56.98293,452.9676228,456.7564323,456.4295,453.6230715,451.9052158,7.92816168,8.013270742105263,8.0075350877193,7.9582995,7.9468004
123,32,25,57,56.93828538,498.939118,496.1258845,497.3759,499.5711688,502.8928608,8.822681769,8.703962885964913,8.72589298245614,8.76440647017544,8.75331786
124,28,30,58,57.95459156,488.1527568,487.0336918,481.43942,484.9957568,485.3548962,8.368187865,8.397132617241379,8.300679655172413,8.361995806896552,8.416426841
125,32,26,58,57.93327556,510.9361888,506.1582999,506.55414,507.1562236,512.6884851,8.83945664,8.726867239655173,8.733692068965517,8.744072820689654,8.809244634
126,33,25,58,57.93998155,505.4274711,503.6707928,503.19165,508.9762769,510.431072,8.800535724,8.683979186206896,8.675718103448276,8.77545305,8.714266743
127,38,22,60,59.97676,489.525386,487.0297797,486.80734,486.4713797,487.1675571,8.119459285,8.117162995,8.113455666666667,8.107856328333334,8.158756433
128,27,33,60,59.99313,466.204767,479.1641,478.36902,470.3996853,466.1880478,7.769800797,7.986068333333334,7.972817,7.839994755,7.77007945
129,33,27,60,59.93381706,525.8324681,524.2060301,523.9883,524.1862735,530.4798766,8.841331276,8.736767168333333,8.733138333333333,8.736437891666666,8.763874468
130,37,23,60,59.96502686,499.7143803,500.3590647,497.63577,501.8578291,502.8764823,8.381274705,8.339317744999999,8.293929499999999,8.364297151666667,8.328573005
131,30,30,60,59.94182704,516.1714998,514.5828699,510.35025,509.6456392,514.1885002,8.569808337,8.576381164999999,8.5058375,8.494093986666666,8.60285833
132,32,28,60,59.93078637,527.9194815,523.7761168,523.4298,522.4042464,528.5726484,8.809544141,8.729601946666666,8.72383,8.706737440000001,8.798658025
133,34,27,61,60.93247576,535.1487058,532.4839413,536.8733,533.5599547,539.0898807,8.837539028,8.729244939344262,8.801201639344262,8.74688450327869,8.772929603
134,34,28,62,61.92834512,546.3272601,541.1018504,539.6861,541.1541059,548.0947119,8.840237288,8.7274492,8.704614516129032,8.72829203064516,8.811730002
135,36,26,62,61.93676744,539.9551982,536.7306541,529.3552,544.7425874,542.6721523,8.752776649,8.656946033870968,8.537987096774193,8.78617076451613,8.70895481
136,37,25,62,61.94842822,529.833571,530.7907801,524.1338,538.5277949,534.8348524,8.626368587,8.56114161451613,8.453770967741935,8.685932175806451,8.545702758
137,30,32,62,61.95465,518.8991808,517.4791334,513.337,517.2282107,517.9316705,8.35373662,8.346437635483872,8.279629032258065,8.34239049516129,8.369341626
138,36,27,63,62.93361161,550.2262043,552.307891,549.0764,552.3468244,554.5157664,8.801837561,8.76679192063492,8.715498412698413,8.76740991111111,8.733749275
139,32,31,63,62.9392942,541.997477,544.7292035,543.79785,538.5260562,543.8707005,8.632868262,8.646495293650794,8.631711904761906,8.548032638095238,8.603134556
140,37,26,63,62.94036909,544.6695494,545.9817,539.687,552.3239887,548.7597956,8.710472946,8.666376190476191,8.566460317460317,8.767047439682539,8.645548403
141,40,23,63,62.97755,512.2577992,511.2495409,517.47375,510.7343923,511.2905139,8.115722442,8.115072077777779,8.213869047619047,8.106895115873016,8.131076178
142,39,24,63,62.96186,526.1306302,529.4764719,529.65985,526.0656963,527.1471693,8.367415386,8.404388442857142,8.407299206349206,8.350249147619047,8.351279844
143,38,26,64,63.94120127,551.9622772,550.6082106,549.99615,559.5424424,554.3375,8.661523438,8.603253290625,8.59368984375,8.7428506625,8.624410581
144,35,29,64,63.92976418,560.406531,557.8533393,559.3411,558.1932354,565.53575,8.836496094,8.7164584265625,8.7397046875,8.721769303125,8.756352047
145,34,30,64,63.92914222,560.2510168,555.7555423,557.6396,556.43613,562.6325,8.791132813,8.6836803484375,8.71311875,8.69431453125,8.753922138
146,32,33,65,64.949564,547.10215,547.3933665,541.62506,545.9141267,548.8899541,8.444460832,8.421436407692307,8.33269323076923,8.398678872307693,8.416956154
147,34,31,65,64.93273475,564.2392998,564.5511103,562.3533,562.8237265,568.254083,8.742370508,8.685401696923076,8.65158923076923,8.658826561538461,8.680604612
148,41,25,66,65.96108,550.3247134,551.6531831,551.93396,550.3068283,551.3082164,8.353154794,8.358381562121211,8.362635757575758,8.337982246969696,8.338253233
149,42,24,66,65.97338,539.6079724,544.307364,542.44745,534.9282791,535.3349673,8.111135868,8.247081272727273,8.218900757575758,8.104973925757577,8.17587837
150,35,31,66,65.93158901,573.3734711,574.7827868,576.1549,573.4045876,579.4311223,8.779259429,8.708830103030303,8.729619696969698,8.687948296969697,8.687476835
151,39,27,66,65.939762,568.7026534,569.7086919,574.41705,579.0840077,573.5809163,8.690619943,8.631949877272726,8.703288636363636,8.774000116666667,8.61670687
152,38,28,66,65.92913933,577.8578002,575.3083082,579.20306,578.7125585,579.880367,8.786066166,8.716792548484849,8.77580393939394,8.768372098484848,8.755421215
153,41,26,67,66.95094724,567.0912414,570.9685154,561.23004,568.6162592,568.2419071,8.481222494,8.521918140298508,8.37656776119403,8.48680983880597,8.464048379
154,42,25,67,66.96414,555.5433408,556.4848356,554.2521,553.250152,554.3559212,8.273968974,8.305743814925373,8.272419402985076,8.25746495522388,8.291691654
155,40,27,67,66.94088953,575.7204104,578.5423772,574.2442,584.0260585,578.9479294,8.641013871,8.634960853731343,8.57080895522388,8.716806843283582,8.592841946
156,43,25,68,67.9693,558.8068682,565.9573975,564.13135,556.2227426,557.0136764,8.191377594,8.322902904411764,8.296049264705882,8.179746214705881,8.217748062
157,34,35,69,68.950106,577.3983796,576.4686406,573.67615,577.6359921,580.6752875,8.415583877,8.354617979710145,8.314147101449276,8.371536117391305,8.368092458
158,39,30,69,68.92655028,603.0015499,601.4364875,600.2576,602.6760032,608.6685231,8.821282943,8.716470833333334,8.699385507246378,8.734434828985506,8.739152897
159,34,36,70,69.955259,579.933865,583.6066219,581.67426,580.6677355,581.4389131,8.306270187,8.337237455714286,8.309632285714287,8.295253364285715,8.2847695
160,43,29,72,71.93582031,619.3081732,622.0799431,620.03345,628.4103041,622.642687,8.647815097,8.639999209722223,8.611575694444445,8.727920890277778,8.601502406
161,37,35,72,71.93664457,614.1334331,617.5003621,617.30273,615.3999153,621.240002,8.628333361,8.576393918055555,8.573649027777778,8.547221045833332,8.529631015
162,35,37,72,71.95908,591.7769298,596.2752053,594.1456,596.5601038,596.9712684,8.291267617,8.281600073611111,8.252022222222221,8.285556997222223,8.219124025
163,45,28,73,72.94647,618.1953582,616.5538481,620.9986,616.5824061,616.4009012,8.443847962,8.445943124657534,8.506830136986302,8.446334330136986,8.468429564
164,40,33,73,72.92382484,635.6052072,633.4137306,637.1102,633.7017665,643.281933,8.812081275,8.676900419178082,8.72753698630137,8.680846116438355,8.706920647
165,43,30,73,72.9297791,632.2654681,630.7812131,634.0702,639.3312063,635.9658303,8.711860689,8.640838535616437,8.685893150684931,8.757961730136985,8.661170796
166,45,29,74,73.93987486,631.6683619,634.1795382,627.7914,634.2283714,632.2530279,8.543959837,8.569993759459459,8.483667567567567,8.570653667567568,8.536058945
167,38,36,74,73.93308437,632.8483951,633.2617022,628.24445,631.5431632,637.0910852,8.60933899,8.55759057027027,8.489789864864866,8.53436707027027,8.552005339
168,47,27,74,73.96538,609.3921946,618.5564316,606.6405,604.6721161,604.7629161,8.172471839,8.358870697297297,8.197844594594594,8.171244812162163,8.235029657
169,43,31,74,73.92694576,642.236236,642.6785068,641.2076,646.6016159,648.1396687,8.758644172,8.684844686486487,8.664967567567567,8.737859674324323,8.678868054
170,46,29,75,74.9419,637.850444,638.35637,638.31616,637.137376,636.4619409,8.486159212,8.511418266666666,8.510882133333332,8.495165013333333,8.504672587
171,45,31,76,75.92882763,656.6191899,656.8215645,656.7931,664.9319491,660.4035268,8.68952009,8.642389006578947,8.64201447368421,8.749104593421052,8.639726183
172,49,28,77,76.96055,637.3568278,645.3807379,644.63214,628.2999653,628.5011568,8.162352686,8.381568024675325,8.371845974025975,8.15973980909091,8.2773614
173,42,35,77,76.92137908,668.6830413,669.8390095,670.66504,666.5865952,676.6237965,8.787322033,8.699207915584415,8.709935584415584,8.656968768831169,8.684195342
174,40,37,77,76.930408,658.8079988,662.7419236,661.257,659.8884661,665.2038475,8.639011006,8.607037968831168,8.587753246753246,8.569980079220779,8.555948036
175,43,35,78,77.92114571,676.9677962,677.5910298,676.5875,675.7397681,686.0797061,8.795893667,8.687064484615385,8.674198717948718,8.66333036025641,8.67907431
176,41,38,79,78.929708,674.8601146,673.045412,672.72095,676.0581092,680.8519174,8.618378702,8.51956217721519,8.515455063291139,8.557697584810127,8.542533096
177,47,32,79,78.925401,683.2772856,680.3649203,679.40814,688.6128184,684.6524644,8.666486891,8.612214181012659,8.600103037974684,8.71661795443038,8.649079565
178,46,33,79,78.92094793,686.6885348,684.2567575,683.98016,688.6057222,690.8475489,8.744905682,8.661477943037974,8.657976708860758,8.716528129113923,8.692259934
179,43,36,79,78.92008243,685.2906383,684.1041462,683.0946,683.0282561,693.0443808,8.772713682,8.659546154430378,8.646767088607595,8.645927292405064,8.674565042
180,43,37,80,79.92251925,690.3548873,693.0607098,691.54297,690.3524919,699.0625756,8.738282196,8.6632588725,8.644287125,8.62940614875,8.629436091
181,50,30,80,79.94434235,675.1794941,681.3281201,674.68665,666.4321364,667.4614948,8.343268685,8.51660150125,8.433583125,8.330401705,8.439743676
182,51,29,80,79.96087,660.526811,679.8523895,670.2932,651.8030075,652.1469868,8.151837335,8.49815486875,8.378665,8.14753759375,8.256585138
183,42,39,81,80.92912747,690.8010038,688.9824771,690.29144,692.2288549,696.3551844,8.596977585,8.505956507407408,8.522116543209876,8.546035245679013,8.528407454
184,51,30,81,80.95048,677.5328294,686.2254511,684.12305,669.3972228,670.5230771,8.27806268,8.471919149382716,8.445963580246914,8.264163244444445,8.364602832
185,46,36,82,81.9134836,715.6366112,712.567654,711.0753,710.4275289,720.42469,8.785666951,8.689849439024389,8.67165,8.663750352439024,8.727275746
186,50,32,82,81.92954973,703.6172802,701.797699,696.7754,701.7022162,699.5430061,8.531012269,8.558508524390243,8.497260975609755,8.5573441,8.580698539
187,51,31,82,81.94299,691.8389478,690.3835807,689.573,687.0309851,687.7238178,8.386875827,8.419311959756097,8.409426829268293,8.378426647560975,8.437060339
188,42,40,82,81.931087,696.3096098,692.805136,688.03625,695.377502,699.0742634,8.525295895,8.448843121951219,8.390685975609756,8.480213439024391,8.491580607
189,43,40,83,82.9286538,706.6424064,708.3321007,708.48364,708.2283758,711.7140283,8.57486781,8.534121695180723,8.535947469879519,8.53287199759036,8.513763933
190,44,39,83,82.92235424,713.2418558,717.3069665,718.28174,714.1050583,719.8590403,8.673000486,8.642252608433736,8.65399686746988,8.60367540120482,8.593275371
191,41,42,83,82.94874,686.4730362,696.8581669,694.31573,688.6336271,687.5930163,8.284253208,8.395881528915663,8.365249759036145,8.296790687951807,8.270759472
192,52,31,83,82.94698,696.1917452,695.9009195,698.94135,689.9667842,691.0472811,8.325870857,8.384348427710844,8.420980120481929,8.312852821686747,8.387852352
193,47,37,84,83.91438482,730.1979912,729.7864917,731.5031,726.8916375,737.1327113,8.77538942,8.687934425,8.708370238095238,8.653471875,8.692833229
194,49,35,84,83.91647897,729.7174555,728.6923947,729.0123,730.6254436,733.1002129,8.727383486,8.674909460714286,8.678717857142857,8.697921947619047,8.687112565
195,50,35,85,84.9156084,738.5954436,735.1003836,733.9783,739.7721086,739.4712926,8.699662266,8.648239807058824,8.635038823529412,8.703201277647059,8.68935816
196,48,37,85,84.91178974,740.6814981,738.61114,738.26984,736.0206894,745.5064854,8.770664535,8.689542823529411,8.685527529411765,8.659066934117648,8.713899978
197,53,33,86,85.9365,728.6819694,732.3971574,728.24896,728.1770627,727.3636279,8.457716603,8.51624601627907,8.468011162790697,8.467175147674418,8.473046156
198,55,31,86,85.96312,705.3678674,720.2447822,715.00525,698.8310474,699.1571562,8.129734375,8.374939327906977,8.314014534883722,8.125942411627907,8.201951947
199,47,40,87,86.91481625,751.795115,751.2443015,750.1988,748.5950293,757.0977439,8.702272919,8.634991971264368,8.622974712643678,8.604540566666666,8.641323161
200,44,43,87,86.93653,729.3759368,729.0483326,728.2277,730.1288793,730.7007736,8.398859467,8.379865891954022,8.370433333333335,8.392285968965517,8.383631457
201,51,37,88,87.91131559,765.3253939,765.7566202,767.0353,763.3839347,768.1339374,8.728794744,8.701779775,8.716310227272727,8.674817439772728,8.696879476
202,56,32,88,87.95691,726.5497932,730.5136339,731.56964,719.3636529,720.1415365,8.183426551,8.301291294318181,8.313291363636365,8.174586964772727,8.25624765
203,46,42,88,87.92195324,751.7489468,752.3281021,752.0207,752.3410548,754.2702744,8.571253118,8.54918297840909,8.545689772727274,8.549330168181818,8.542601668
204,53,35,88,87.92406593,754.9239454,757.2914971,755.16785,758.0757057,756.3597047,8.594996645,8.605585194318182,8.581452840909092,8.614496655681817,8.578681198
205,45,44,89,88.93611,745.1673726,742.2231431,742.0273,745.9836932,745.3629356,8.374864445,8.33958587752809,8.337385393258426,8.381839249438201,8.372667108
206,55,34,89,88.93645,752.1964226,751.8494318,752.1583,751.6750593,750.8150585,8.436124252,8.447746424719101,8.451216853932586,8.445787183146068,8.451645198
207,45,45,90,89.94287,746.206741,748.5619075,748.40985,749.0296667,745.8846985,8.287607761,8.317354527777777,8.315665,8.322551852222222,8.291186011
208,48,42,90,89.9139369,775.3471341,775.126153,774.42145,771.5987179,777.3378457,8.637087174,8.612512811111111,8.604682777777779,8.573319087777778,8.614968157
209,50,41,91,90.90699624,790.610935,789.338573,789.56506,782.4518423,792.7955102,8.712038574,8.674050252747252,8.676539120879122,8.598371893406593,8.688032253
210,51,41,92,91.90719389,798.4944102,798.5546785,798.1643,791.4251446,802.1895038,8.719451128,8.679942157608696,8.675698913043478,8.602447223913043,8.679287067
211,47,45,92,91.93198,772.4803058,770.7667911,770.5027,774.6780746,773.3707893,8.406204232,8.37789990326087,8.375029347826088,8.420413854347826,8.396525063
212,48,44,92,91.92012,784.2565248,783.9516794,782.6144,783.4824977,784.1392648,8.523252878,8.521213906521739,8.506678260869565,8.516114105434783,8.524527443
213,51,42,93,92.90681261,806.1823103,806.1686445,805.7483,798.4419008,808.4953184,8.693498048,8.668480048387098,8.663960215053763,8.5853967827957,8.668626992
214,46,47,93,92.94978,762.5068752,776.8652948,775.5262,765.4847074,759.832795,8.170245107,8.353390266666667,8.338991397849462,8.231018359139785,8.198998658
215,59,34,93,92.95629,765.9953322,771.3642816,771.6222,763.4711669,764.0216334,8.215286381,8.294239587096774,8.297012903225808,8.209367386021505,8.236508948
216,47,46,93,92.93591,776.1544042,778.2833927,778.0453,777.6989881,774.2704428,8.325488633,8.368638631182796,8.366078494623656,8.362354710752687,8.345746282
217,54,39,93,92.90958271,805.8070242,804.1227419,806.8661,804.3218123,809.4619735,8.703892188,8.646481095698926,8.675979569892473,8.64862163763441,8.664591658
218,57,37,94,93.92640495,799.6821241,800.2261327,797.7609,803.7760989,803.3686322,8.54647481,8.513043964893617,8.486818085106384,8.550809562765957,8.507256639
219,54,40,94,93.90631519,816.1820137,814.251441,814.5524,811.3098738,819.1497499,8.714359042,8.662249372340426,8.665451063829787,8.630956104255318,8.68278738
220,51,44,95,94.91041293,817.4962692,817.5870578,816.42896,812.3848246,818.6133881,8.616983032,8.606179555789474,8.593989052631578,8.55141920631579,8.605223886
221,56,39,95,94.91282062,818.9275048,816.7400633,817.6087,822.2966779,822.6266686,8.659228091,8.597263824210525,8.606407368421053,8.655754504210526,8.620289524
222,59,37,96,95.93427264,808.4922796,810.698412,808.2018,813.7427622,812.4873939,8.463410353,8.444775125,8.41876875,8.47648710625,8.421794579
223,57,39,96,95.91589134,824.1361519,824.9346521,825.35693,829.1144298,828.6955548,8.632245362,8.593069292708334,8.597468020833334,8.63660864375,8.584751582
224,49,48,97,96.93494,807.8583058,804.5993708,802.6143,806.8890653,802.623664,8.274470763,8.294838874226803,8.274374226804124,8.318443972164948,8.328436142
225,51,46,97,96.91647907,826.5145496,826.4535619,825.5108,826.2247385,825.5420336,8.510742614,8.52013981340206,8.5104206185567,8.51778080927835,8.520768553
226,59,39,98,97.92220302,834.3949526,837.8308365,837.5513,839.065572,839.8591865,8.569991698,8.54929425,8.546441836734694,8.561893591836734,8.51423421
227,62,36,98,97.95191,808.9414312,810.6025234,813.2855,807.5274063,807.3480531,8.23824544,8.271454320408163,8.29883163265306,8.240075574489797,8.2545044
228,62,37,99,98.94537928,822.3544599,820.6589809,821.3722,824.7068318,823.9794305,8.32302455,8.289484655555555,8.29668888888889,8.330372038383839,8.306610706
229,57,42,99,98.90771187,853.7500236,851.5250997,852.4244,852.2788651,859.7962143,8.684810246,8.601263633333334,8.610347474747474,8.608877425252524,8.623737612
230,64,36,100,99.96114,816.483276,825.0606253,821.3967,813.4160507,812.695439,8.12695439,8.250606252999999,8.213967,8.134160507,8.16483276
231,54,46,100,99.90850589,858.1400424,857.9934972,857.9693,853.0827748,859.2593908,8.592593908,8.579934972,8.579692999999999,8.530827748,8.581400424
232,56,45,101,100.9061636,869.1227608,868.761355,868.4955,864.1274328,874.0224975,8.653688094,8.601597574257426,8.598965346534653,8.555717156435643,8.60517585
233,58,44,102,101.9043493,879.6139205,876.5132693,876.7141,875.1772999,884.4627583,8.671203513,8.593267346078433,8.595236274509805,8.580169606862745,8.623665887
234,53,49,102,101.9240902,857.5623476,858.9666027,856.75574,860.1922663,856.2869322,8.394969923,8.421241202941175,8.399566078431372,8.433257512745099,8.407473996
235,55,47,102,101.911685,870.5807068,873.6479006,870.2571,868.9830724,874.0467683,8.569085964,8.565175496078432,8.531932352941176,8.51944188627451,8.535104969
236,60,43,103,102.9091814,883.9172818,882.930653,886.4342,886.2280338,890.6993595,8.647566597,8.572142262135923,8.606157281553399,8.604155667961166,8.581721183
237,65,38,103,102.94895,850.5655102,853.4546822,854.34467,850.6753209,850.1280179,8.253670076,8.285967788349515,8.294608446601941,8.258983698058252,8.257917575
238,64,40,104,103.92878,875.9421496,875.0315807,871.0495,876.5732379,877.2321613,8.434924627,8.413765199038462,8.375475961538461,8.428588825961539,8.422520669
239,65,39,104,103.94105,865.2533386,865.163182,860.21906,867.5146097,866.2365764,8.32919785,8.31887675,8.271337115384615,8.34148663173077,8.31974364
240,53,51,104,103.936472,860.7007486,868.1045735,859.49536,859.3021014,857.9033419,8.249070595,8.347159360576923,8.264378461538461,8.262520205769231,8.275968737
241,58,46,104,103.9040358,894.5716458,892.5295826,890.0761,888.9542724,898.5710445,8.640106197,8.582015217307692,8.558424038461538,8.547637234615385,8.60165044
242,55,49,104,103.9182962,879.0915364,880.454312,877.02515,882.8283639,880.5467981,8.466796135,8.465906846153846,8.432934134615385,8.48873426826923,8.452803235
243,62,42,104,103.9137636,888.4533,887.425926,887.1059,891.9784701,892.8469558,8.585066883,8.532941596153846,8.529864423076923,8.576716058653846,8.542820192
244,64,41,105,104.9239365,887.7843765,889.5634468,886.09973,889.246526,891.0158855,8.485865577,8.472032826666666,8.439045047619048,8.469014533333333,8.4550893
245,56,49,105,104.9146735,890.5317575,893.2944479,892.65216,891.7715222,892.053775,8.495750238,8.50756617047619,8.501449142857142,8.493062116190476,8.481254833
246,60,45,105,104.9056938,901.8300942,901.1757663,902.23083,900.0383971,908.3918922,8.651351354,8.582626345714285,8.59267457142857,8.571794258095238,8.58885804
247,53,52,105,104.94364,861.360269,875.1455534,866.81836,857.5134609,857.6752935,8.168336128,8.334719556190477,8.255412952380953,8.166794865714285,8.203431133
248,65,40,105,104.93305,880.034267,882.2855144,878.68585,881.5599227,881.404052,8.394324305,8.402719184761905,8.368436666666666,8.395808787619048,8.381278733
249,57,48,105,104.9094679,896.1127301,897.5224522,896.3923,893.809031,899.2990034,8.564752413,8.547832878095237,8.537069523809524,8.512466961904762,8.534406953
250,54,51,105,104.9314863,873.4099227,878.806531,873.7192,872.6807701,871.24192,8.297542096,8.36958600952381,8.321135238095238,8.31124542952381,8.31818974
251,58,48,106,105.9064594,906.981131,905.7331465,905.3062,902.758249,909.534555,8.580514669,8.544652325471699,8.540624528301887,8.516587254716981,8.556425764
252,66,41,107,106.93031,897.9856228,896.2282696,895.50586,899.1982849,900.0189464,8.411392023,8.375965136448597,8.369213644859814,8.403722288785046,8.392388998
253,65,42,107,106.9216926,905.2738632,906.506323,904.3975,906.8898369,909.0018241,8.49534415,8.472021710280373,8.45231308411215,8.475605952336448,8.460503394
254,64,44,108,107.9101735,922.5965147,919.8625303,920.8853,927.2662534,927.0666986,8.583950913,8.517245650925926,8.526715740740741,8.585798642592593,8.542560321
255,56,52,108,107.9294446,898.7786486,896.5058961,894.6721,899.0006832,897.8648755,8.313563662,8.300980519444444,8.284000925925925,8.3240804,8.322024524
256,69,39,108,107.95948,880.3649582,889.4852446,886.76355,879.7281301,878.5577406,8.134793894,8.235974487037037,8.210773611111112,8.14563083425926,8.151527391
257,58,50,108,107.9119254,916.5581418,916.2207719,912.9375,916.5922419,917.4902724,8.4952803,8.483525665740741,8.453125,8.486965202777778,8.486649461
258,69,40,109,108.94924,897.2313266,903.7426709,901.44995,896.5366339,895.5290924,8.215863233,8.291217164220184,8.270183027522934,8.225106733027523,8.231480061
259,67,43,110,109.9238205,926.7606915,926.7267887,925.642,929.5208479,931.7582511,8.470529556,8.424788988181819,8.414927272727272,8.450189526363637,8.425097195
260,70,41,111,110.94565,915.9740324,918.8329874,917.1127,916.4253889,914.9380909,8.242685504,8.277774661261262,8.262276576576577,8.256084584684684,8.25201831
261,65,47,112,111.9070048,955.612847,955.4652194,955.33984,958.7258962,962.9551389,8.59781374,8.530939458928572,8.529819999999999,8.560052644642857,8.532257563
262,62,50,112,111.9048182,955.4448946,953.2099884,952.485,952.4377218,958.5639447,8.55860665,8.510803467857142,8.504330357142857,8.503908230357142,8.530757988
263,65,48,113,112.9044017,965.3692615,964.5200174,964.8004,965.5902468,971.3137664,8.595697048,8.535575375221239,8.538056637168141,8.545046431858408,8.54309081
264,60,53,113,112.9236406,943.7850506,946.7608187,944.73914,947.296582,948.1174154,8.390419606,8.378414324778761,8.36052336283186,8.383155592920353,8.352080094
265,58,55,113,112.9444933,922.9020689,927.5385318,924.05817,922.9059036,925.0348286,8.186148925,8.208305591150442,8.17750592920354,8.167308881415929,8.167274946
266,65,49,114,113.9049139,972.2253317,973.3273653,970.4034,972.4853328,978.9011613,8.586852292,8.537959344736842,8.51231052631579,8.530573094736843,8.528292383
267,70,44,114,113.924281,957.8673566,956.3349351,956.72736,957.0793186,959.0370069,8.412605324,8.388902939473684,8.392345263157894,8.395432619298246,8.402345233
268,72,42,114,113.94492,940.1215656,939.2077925,939.43195,939.3445339,937.3963641,8.222775123,8.238664846491227,8.240631140350878,8.23986433245614,8.2466804
269,61,54,115,114.9262939,956.7152441,954.8528471,956.9207,960.5293725,961.7668131,8.363189679,8.303068235652173,8.321049565217391,8.352429326086957,8.319262992
270,69,46,115,114.9136838,974.3317192,974.1158114,977.7312,977.3714958,978.6415924,8.509926891,8.470572273043478,8.502010434782608,8.498882572173914,8.472449732
271,67,48,115,114.905431,980.545958,978.6579514,981.01526,983.5582015,986.0695642,8.574517949,8.510069142608696,8.53056747826087,8.552680013043478,8.526486591
272,59,56,115,114.94737,935.624277,939.2737628,938.80084,934.6459626,938.1370072,8.157713106,8.167597937391305,8.16348556521739,8.127356196521738,8.135863278
273,73,43,116,115.94337,956.9650314,960.923372,959.06116,959.2601271,956.4553804,8.245305003,8.283822172413792,8.267768620689655,8.269483854310344,8.249698547
274,63,54,117,116.9203587,978.3758901,976.4461051,973.2252,980.9752915,984.4890011,8.414435907,8.345693205982906,8.318164102564102,8.384404200854702,8.362187095
275,66,51,117,116.9048359,995.0312939,994.9667564,992.256,995.2435286,1000.675161,8.55277915,8.503989370940172,8.480820512820513,8.506354945299146,8.504540974
276,69,48,117,116.9072186,995.0166772,992.5265075,993.5319,1001.533638,999.6600474,8.54410297,8.483132542735042,8.49172564102564,8.560116564102564,8.504416044
277,73,45,118,117.93007,984.0131882,983.8163417,982.2611,984.6909407,985.7910839,8.354161728,8.33742662457627,8.324246610169492,8.344838480508475,8.339094815
278,70,48,118,117.9069145,1003.367282,1001.926779,1002.77094,1007.32851,1006.036906,8.525736493,8.490904906779662,8.498058813559322,8.536682288135594,8.503112559
279,61,57,118,117.94673,959.6880202,965.4433682,965.26184,961.4739013,964.3528044,8.172481393,8.181723459322034,8.180185084745762,8.148083909322034,8.132949324
280,70,49,119,118.9058454,1011.695542,1010.407713,1011.14026,1017.389022,1015.793438,8.536079311,8.490821117647059,8.496976974789916,8.549487579831933,8.50164321
281,61,58,119,118.95276,961.4070186,970.95839,968.45294,958.1243728,963.9289133,8.100242969,8.159314201680672,8.13826,8.05146531764706,8.079050576
282,74,45,119,118.93211,990.1814356,990.5960254,987.52167,989.6553814,989.9024841,8.31850827,8.32433634789916,8.298501428571429,8.316431776470589,8.3208524
283,73,47,120,119.9187874,1009.183146,1010.811417,1010.3037,1009.97469,1011.788837,8.431573642,8.423428475,8.419197500000001,8.41645575,8.40985955
284,69,51,120,119.9050724,1019.013575,1019.623346,1018.7339,1022.298407,1025.37934,8.544827836,8.496861216666666,8.489449166666667,8.519153391666666,8.491779792
285,76,44,120,119.94531,986.694282,989.6675821,992.2818,985.2071624,981.9788476,8.183157063,8.247229850833333,8.269015,8.210059686666666,8.22245235
286,70,51,121,120.9038157,1028.25105,1027.107612,1027.192,1031.303562,1033.02397,8.537388181,8.488492661157025,8.489190082644628,8.523169933884297,8.497942562
287,64,58,122,121.93791,999.4348308,996.832269,999.7706,1003.137668,1002.719919,8.219015731,8.170756303278688,8.194840983606557,8.222439901639344,8.192088777
288,70,53,123,122.905589,1041.265964,1041.620105,1040.8868,1045.288722,1047.308123,8.514700186,8.468456138211382,8.46249430894309,8.498282292682926,8.465576943
289,68,55,123,122.912996,1032.900929,1035.909725,1036.4054,1035.410165,1039.835224,8.453944907,8.422030284552845,8.426060162601626,8.417968821138212,8.397568528
290,64,59,123,122.94596,999.2732092,1000.2039,1000.35913,1000.027768,1002.960666,8.154151753,8.131739024390244,8.133001056910569,8.130307056910569,8.124172433
291,71,52,123,122.90427,1043.228512,1042.758816,1042.1097,1047.309534,1048.303478,8.522792502,8.477713951219512,8.472436585365854,8.514711658536585,8.481532618
292,69,54,123,122.9084819,1037.838115,1038.896338,1038.2441,1042.728169,1044.485372,8.491750988,8.446311691056911,8.44100894308943,8.477464788617887,8.437708252
293,75,49,124,123.9131752,1045.208935,1044.892052,1046.2548,1044.954777,1045.822218,8.434050148,8.426548806451612,8.437538709677419,8.427054653225806,8.429104315
294,69,56,125,124.9144729,1046.926351,1045.688689,1047.4924,1048.698514,1053.7316,8.4298528,8.365509512000001,8.3799392,8.389588112,8.375410808
295,73,52,125,124.9044307,1059.213875,1058.351933,1058.6036,1065.346563,1063.022,8.504176,8.466815464,8.468828799999999,8.522772504,8.473711
296,77,48,125,124.9212464,1046.496695,1047.780992,1049.4208,1042.544099,1043.4932,8.3479456,8.382247936,8.3953664,8.340352792,8.37197356
297,76,50,126,125.9076533,1065.75024,1063.762405,1064.0643,1062.417937,1062.511555,8.432631387,8.44255876984127,8.444954761904762,8.431888388888888,8.458335238
298,69,57,126,125.9195127,1049.567226,1049.756747,1052.0004,1051.6948,1057.345696,8.391632511,8.331402753968254,8.349209523809524,8.346784126984128,8.329898619
299,77,49,126,125.9164639,1058.282131,1058.897164,1058.94,1055.010568,1056.095904,8.381713527,8.403945746031745,8.404285714285715,8.373099746031745,8.399064532
300,71,55,126,125.909452,1060.402855,1062.269881,1058.9639,1066.325195,1067.763694,8.474315028,8.430713341269842,8.404475396825397,8.462898373015872,8.415895675
301,69,58,127,126.922731,1053.903917,1053.5466,1053.711,1054.681183,1060.303242,8.348844422,8.295642519685039,8.296937007874016,8.304576244094488,8.298456039
302,77,50,127,126.91036,1071.29779,1069.910394,1072.9362,1067.456349,1067.922674,8.408839949,8.424491291338583,8.448316535433072,8.405168102362206,8.435415669
303,75,52,127,126.9052263,1074.608147,1073.24094,1074.7747,1081.875073,1076.672691,8.477737724,8.450716062992125,8.462792913385826,8.518701362204723,8.461481472
304,70,57,127,126.9163754,1060.555539,1063.267381,1064.8265,1061.989177,1067.471015,8.405283579,8.372184102362203,8.384460629921259,8.362119503937008,8.350831016
305,80,47,127,126.93677,1048.913757,1053.17239,1047.4818,1044.809619,1041.479053,8.200622466,8.292695984251969,8.247888188976377,8.226847393700789,8.259163441
306,66,62,128,127.95808,1026.123249,1034.073404,1042.4547,1020.15994,1027.380105,8.02640707,8.07869846875,8.14417734375,7.96999953125,8.016587883
307,68,60,128,127.93539,1048.716757,1047.761455,1049.4386,1049.686087,1052.63403,8.223703359,8.1856363671875,8.1987390625,8.2006725546875,8.193099664
308,67,61,128,127.94842,1035.851268,1038.080787,1042.4547,1038.596816,1040.888773,8.131943537,8.1100061484375,8.14417734375,8.114037625,8.092588031
309,72,56,128,127.9083177,1076.859304,1075.462658,1077.7047,1079.599349,1081.980953,8.452976199,8.402052015625,8.41956796875,8.4343699140625,8.412963313
310,72,57,129,128.9126928,1080.119015,1080.771153,1083.5698,1082.592022,1086.807823,8.424866846,8.378070953488372,8.399765891472867,8.392186217054263,8.37301562
311,77,52,129,128.9065982,1089.465882,1088.751404,1089.6609,1092.458008,1089.305429,8.444228132,8.439933364341085,8.446983720930234,8.468666728682171,8.445471953
312,67,62,129,128.95464,1037.393377,1039.598172,1041.9435,1035.24818,1040.530293,8.066126299,8.058900558139534,8.077081395348838,8.025179689922481,8.041809124
313,78,51,129,128.9091484,1087.826205,1086.048239,1087.6172,1085.018569,1084.551359,8.407374877,8.418978596899224,8.431141085271317,8.41099665891473,8.432761279
314,71,58,129,128.918102,1074.348491,1074.100707,1074.593,1075.278883,1081.054711,8.380269078,8.326362069767443,8.330178294573644,8.335495217054262,8.328282876
315,76,54,130,129.903508,1098.941228,1096.176942,1096.1725,1103.406475,1100.783753,8.467567331,8.432130323076924,8.432096153846153,8.487742115384615,8.453394062
316,82,48,130,129.9339019,1075.051861,1071.567927,1069.7827,1067.390795,1063.326925,8.179437882,8.242830207692307,8.229097692307692,8.210698423076924,8.2696297
317,76,55,131,130.9054639,1104.453213,1104.416202,1104.904,1110.201721,1108.552458,8.462232503,8.430658030534351,8.434381679389313,8.474822297709922,8.430940557
318,70,63,133,132.94924,1073.956167,1079.040584,1077.5586,1074.778938,1078.163093,8.106489419,8.113087097744362,8.101944360902257,8.08104464661654,8.074858398
319,81,52,133,132.9109553,1117.679372,1116.543711,1118.7189,1112.645505,1111.70157,8.35865842,8.395065496240601,8.41142030075188,8.365755676691728,8.403604301
320,74,59,133,132.9163305,1107.533148,1110.204182,1109.5906,1109.172438,1114.216909,8.377570747,8.347399864661654,8.342786466165414,8.339642390977444,8.327316902
321,71,63,134,133.94651,1084.565285,1089.242314,1085.7388,1085.868855,1090.36019,8.13701634,8.128673985074627,8.102528358208955,8.103498917910448,8.093770784
322,70,64,134,133.95537,1075.582066,1085.061809,1084.3174,1073.809097,1077.805691,8.043326053,8.097476186567164,8.091920895522387,8.013500723880597,8.026731836
323,80,55,135,134.905977,1136.245467,1133.671089,1133.0447,1138.715557,1136.462767,8.418242718,8.397563622222222,8.392923703703703,8.434930051851852,8.416633089
324,81,54,135,134.9072275,1135.81581,1133.045522,1133.025,1133.876637,1133.173621,8.393878673,8.392929792592591,8.392777777777779,8.399086200000001,8.413450444
325,82,53,135,134.9100481,1133.924391,1131.036662,1129.2039,1129.050489,1128.202833,8.357058024,8.378049348148148,8.364473333333333,8.363336955555555,8.399439933
326,73,62,135,134.93252,1106.392021,1102.424422,1104.2314,1107.564037,1112.400833,8.240006171,8.16610682962963,8.179491851851852,8.204178051851853,8.195496452
327,72,63,135,134.94182,1096.999162,1096.298032,1097.5632,1097.022097,1102.236849,8.164717397,8.120726162962962,8.130097777777777,8.126089607407408,8.125919719
328,71,65,136,135.96138,1085.387171,1101.928925,1097.2926,1085.563881,1089.835577,8.013496891,8.10241856617647,8.06832794117647,7.982087360294118,7.980788022
329,72,64,136,135.94734,1099.19297,1103.260327,1102.6503,1097.967242,1102.653177,8.107743948,8.112208286764705,8.107722794117647,8.073288544117647,8.08230125
330,86,51,137,136.93531,1128.009655,1127.189322,1127.0922,1125.314087,1121.093451,8.183163876,8.227659284671532,8.226950364963503,8.213971437956204,8.233647117
331,72,65,137,136.95598,1098.482059,1105.623266,1105.2948,1099.006171,1102.480561,8.047303366,8.070242817518249,8.067845255474452,8.021942854014599,8.018117219
332,85,52,137,136.925323,1136.572993,1137.312947,1137.7855,1132.709813,1130.552548,8.252208382,8.301554357664234,8.305003649635037,8.267954839416058,8.296153234
333,82,55,137,136.9070895,1151.344704,1150.333661,1149.912,1149.296382,1148.971142,8.386650672,8.39659606569343,8.393518248175182,8.389024686131387,8.403975942
334,79,59,138,137.9107546,1153.061748,1153.185896,1153.6292,1155.567316,1158.640674,8.395946915,8.356419536231884,8.359631884057972,8.37367620289855,8.355519913
335,72,66,138,137.96249,1099.754177,1107.233739,1108.6406,1097.295637,1101.72843,7.983539347,8.023432891304347,8.033627536231883,7.951417659420289,7.969233167
336,80,58,138,137.9059913,1158.230939,1157.415064,1157.2684,1159.702047,1160.174649,8.407062673,8.38706568115942,8.386002898550725,8.40363802173913,8.392977819
337,76,62,138,137.923244,1139.230439,1139.4307,1139.5709,1138.73955,1144.144232,8.290900228,8.25674420289855,8.257760144927536,8.251735869565218,8.255293036
338,82,57,139,138.9063533,1166.695963,1164.265529,1163.5186,1169.560354,1166.928673,8.395170306,8.376011,8.370637410071943,8.41410326618705,8.393496137
339,87,52,139,138.93473,1143.950051,1142.903454,1141.7737,1142.826166,1138.744754,8.192408299,8.222327007194245,8.214199280575539,8.221770978417267,8.229856482
340,85,54,139,138.9187929,1157.318373,1156.715578,1157.1345,1155.114272,1154.933943,8.308877291,8.321694805755396,8.324708633093524,8.310174618705036,8.32603146
341,84,55,139,138.913364,1161.63812,1160.003326,1159.8789,1159.9192,1160.570727,8.349429693,8.345347669064749,8.34445251798561,8.344742446043165,8.357108777
342,79,60,139,138.9119783,1159.255411,1157.705208,1157.7573,1159.870225,1164.176535,8.375370753,8.328814446043166,8.329189208633094,8.344390107913668,8.339966986
343,77,63,140,139.9280876,1150.121463,1152.561784,1151.153,1152.046202,1157.05409,8.264672075,8.232584171428572,8.22252142857143,8.228901442857143,8.215153307
344,74,66,140,139.95401,1123.784032,1121.548151,1122.3469,1122.194055,1126.819292,8.048709232,8.011058221428572,8.016763571428571,8.01567182142857,8.0270288
345,79,61,140,139.9160418,1162.805221,1166.373772,1165.5267,1164.18818,1169.06991,8.350499355,8.331241228571429,8.325190714285714,8.315629857142858,8.305751579
346,80,62,142,141.9151976,1178.991587,1177.997414,1181.0394,1176.936525,1182.52006,8.327606053,8.295756436619717,8.317178873239436,8.288285387323944,8.302757655
347,81,62,143,142.9146283,1187.589093,1189.616468,1187.2802,1185.389903,1191.448395,8.331806959,8.31899627972028,8.30265874125874,8.28943988111888,8.304818832
348,80,63,143,142.9202975,1181.576509,1184.581249,1185.3492,1181.259972,1186.521714,8.297354642,8.28378495804196,8.289155244755246,8.260559244755246,8.26277279
349,78,67,145,144.9472,1169.72702,1169.890448,1169.3435,1167.649967,1174.233301,8.098160695,8.068209986206897,8.064437931034483,8.05275839310345,8.067082897
350,84,61,145,144.912749,1206.208255,1205.675846,1203.716,1206.452703,1210.672499,8.349465509,8.31500583448276,8.301489655172412,8.320363468965517,8.318677621
351,79,66,145,144.937425,1179.562104,1178.246489,1178.0001,1178.189018,1184.252146,8.167256182,8.125837855172415,8.124138620689655,8.125441503448275,8.134911062
352,87,58,145,144.9172331,1204.237235,1202.507058,1203.1842,1206.213279,1207.58561,8.32817662,8.293152124137931,8.297822068965516,8.318712268965518,8.305084379
353,83,62,145,144.9134104,1204.857933,1204.777439,1202.6422,1202.296238,1208.544945,8.334792725,8.30880992413793,8.294084137931035,8.291698193103448,8.309365055
354,90,55,145,144.9355262,1189.410036,1187.523929,1186.8169,1191.814816,1190.294396,8.208926866,8.1898202,8.184944137931035,8.219412524137931,8.202827834
355,81,64,145,144.9217093,1195.662539,1194.791673,1194.8112,1194.020272,1199.555062,8.272793534,8.239942572413792,8.24007724137931,8.234622565517242,8.245948545
356,92,54,146,145.94775,1186.831724,1191.695908,1189.1842,1192.355195,1185.112251,8.1172072,8.162300739726026,8.145097260273973,8.16681640410959,8.128984411
357,82,64,146,145.9183106,1206.894216,1208.13498,1210.1272,1202.458657,1208.939597,8.280408198,8.274897123287671,8.288542465753425,8.236018198630136,8.26639874
358,81,65,146,145.9272466,1197.840241,1200.8484,1198.2386,1198.346036,1202.694576,8.237634079,8.22498904109589,8.207113698630137,8.207849561643835,8.204385212
359,91,56,147,146.934945,1205.351549,1207.439398,1207.337,1207.230956,1207.023386,8.211043444,8.213873455782313,8.213176870748299,8.212455482993198,8.199670401
360,82,65,147,146.9240446,1208.88879,1212.623456,1213.8274,1206.785464,1212.43244,8.247839726,8.249139156462585,8.25732925170068,8.209424925170069,8.223733265
361,92,55,147,146.944155,1197.511598,1201.989943,1197.6951,1202.456787,1198.626206,8.153919766,8.176802333333333,8.147585714285714,8.179978142857143,8.146337401
362,93,54,147,146.95356,1189.490102,1201.057095,1193.9373,1197.732453,1188.66979,8.086189048,8.170456428571427,8.122022448979592,8.147839816326531,8.091769401
363,86,61,147,146.9151385,1220.118605,1219.669403,1219.7634,1223.378153,1225.620765,8.337556227,8.297070768707483,8.297710204081634,8.322300360544219,8.300126565
364,88,60,148,147.9168933,1227.286933,1224.688088,1225.4442,1231.703228,1231.587068,8.321534245,8.274919513513515,8.280028378378377,8.32231910810811,8.292479277
365,79,69,148,147.95784,1182.554524,1181.893663,1181.0828,1180.709821,1186.27296,8.015357837,7.985767993243243,7.980289189189189,7.97776906081081,7.99023327
366,84,64,148,147.9181145,1223.21176,1221.096353,1221.363,1219.370406,1226.946583,8.290179617,8.250651033783782,8.252452702702703,8.23898922972973,8.264944324
367,92,57,149,148.934734,1220.948406,1222.351478,1220.9069,1222.650107,1223.531699,8.211622141,8.203701194630872,8.194006040268457,8.205705416107381,8.194284604
368,91,58,149,148.9283999,1226.110894,1227.915425,1228.3168,1227.447671,1229.874916,8.254194065,8.241043120805369,8.243736912751679,8.237903832214764,8.228932174
369,87,62,149,148.9171847,1233.614009,1232.604124,1232.701,1236.141814,1239.840669,8.321078318,8.272510899328859,8.273161073825504,8.2962537852349,8.279288651
370,94,55,149,148.95293,1205.477048,1210.664132,1207.4291,1213.099947,1206.223132,8.095457263,8.125262630872484,8.10355100671141,8.141610382550335,8.090449987
371,90,60,150,149.9208909,1239.700142,1236.850598,1237.9636,1242.370659,1244.080516,8.293870107,8.245670653333333,8.253090666666667,8.282471059999999,8.264667613
372,88,62,150,149.9172755,1241.596962,1238.081328,1238.5298,1244.598689,1247.089208,8.313928052,8.25387552,8.256865333333334,8.297324593333332,8.27731308
373,87,63,150,149.9197018,1238.603517,1237.865749,1237.8501,1240.451575,1246.296108,8.308640718,8.252438326666667,8.252334000000001,8.269677166666668,8.25735678
374,81,69,150,149.94996,1206.025779,1204.640592,1205.74,1202.964327,1209.373264,8.062488424,8.03093728,8.038266666666667,8.019762179999999,8.04017186
375,92,59,151,150.9283186,1241.587,1240.968632,1240.7216,1242.867878,1245.680382,8.249538951,8.21833531125828,8.216699337748345,8.230913099337748,8.222430464
376,91,60,151,150.9238289,1245.032352,1243.45191,1244.5233,1247.680447,1250.015174,8.278246185,8.234780860927152,8.241876158940398,8.262784417218542,8.245247364
377,81,70,151,150.9554008,1208.293323,1205.193889,1206.5674,1203.894892,1209.616374,8.010704465,7.981416483443708,7.990512582781457,7.972813854304636,8.001942536
378,84,68,152,151.9350504,1236.77615,1236.34054,1236.6227,1233.607304,1240.137215,8.158797466,8.133819342105262,8.135675657894737,8.11583752631579,8.136685197
379,94,58,152,151.93654,1242.734923,1242.680155,1242.8542,1243.371554,1244.511596,8.18757629,8.175527335526317,8.176672368421052,8.180076013157896,8.175887651
380,90,62,152,151.9197324,1255.444562,1252.736406,1253.3401,1259.194353,1260.927684,8.295576871,8.241686881578948,8.245658552631578,8.284173375,8.259503697
381,92,60,152,151.9246822,1252.305417,1249.575101,1251.9116,1252.973276,1255.74728,8.261495265,8.220888822368421,8.236260526315789,8.243245236842105,8.238851428
382,83,69,152,151.944422,1227.316632,1228.180808,1226.8724,1225.528477,1231.373766,8.101143199,8.080136894736842,8.07152894736842,8.06268734868421,8.074451526
383,96,57,153,152.94962,1239.359489,1237.321257,1238.4601,1243.914755,1240.624531,8.108657062,8.087067039215686,8.09451045751634,8.130161797385622,8.100388817
384,91,62,153,152.9220974,1261.310235,1260.287418,1259.9056,1265.292911,1267.526253,8.284485313,8.237172666666666,8.234677124183007,8.269888307189543,8.243857745
385,93,61,154,153.9264639,1266.04707,1264.452781,1265.9098,1268.408638,1271.016374,8.253353075,8.210732344155844,8.220193506493505,8.236419727272729,8.22108487
386,84,70,154,153.9463939,1240.881209,1239.115526,1238.79,1237.5398,1243.24586,8.073025063,8.046204714285714,8.044090909090908,8.035972727272727,8.057670188
387,90,64,154,153.9208656,1269.05541,1266.709884,1266.1895,1270.123349,1275.227693,8.280699308,8.225388857142859,8.22200974025974,8.247554214285714,8.240619545
388,91,63,154,153.9229792,1267.822207,1267.390457,1266.9297,1272.949633,1275.320382,8.281301183,8.229808162337662,8.226816233766233,8.265906707792208,8.232611734
389,94,61,155,154.9281013,1272.590138,1270.790763,1273.0531,1273.707846,1276.679185,8.236639902,8.198650083870968,8.213245806451614,8.217469974193548,8.210258955
390,97,59,156,155.94427,1267.073683,1269.119028,1266.4825,1269.427081,1269.828866,8.139928631,8.135378384615384,8.118477564102564,8.137353083333334,8.122267199
391,95,62,157,156.9283587,1287.750914,1285.770348,1286.6349,1289.130807,1291.878296,8.228524181,8.189620050955414,8.195126751592356,8.211024248407643,8.202235121
392,96,61,157,156.9330394,1284.127741,1281.68579,1281.3707,1284.319792,1287.427502,8.200175175,8.163603757961784,8.161596815286623,8.18038084076433,8.179157586
393,99,58,157,156.95634,1264.63856,1267.74224,1266.9681,1269.962065,1265.247706,8.058902585,8.074791337579619,8.06986050955414,8.08893035031847,8.055022675
394,86,71,157,156.9500983,1260.900315,1261.60717,1258.6854,1258.668358,1265.72983,8.061973442,8.035714458598726,8.017104458598727,8.016995910828024,8.031212197
395,92,65,157,156.9240246,1289.582284,1287.321871,1288.9764,1291.3493,1296.403263,8.257345627,8.199502363057325,8.210040764331211,8.225154777070065,8.213899898
396,93,64,157,156.9239601,1290.376893,1288.062552,1289.0891,1292.778843,1296.366177,8.257109407,8.204220076433122,8.210758598726114,8.234260146496815,8.218961102
397,90,67,157,156.9282562,1284.173547,1283.563014,1283.3899,1283.051782,1292.063729,8.22970528,8.175560598726115,8.174457961783439,8.172304343949044,8.179449344
398,84,74,158,157.974562,1243.988421,1248.556765,1248.3561,1241.277135,1242.816666,7.865928268,7.902258006329114,7.900987974683544,7.856184398734177,7.873344437
399,95,63,158,157.9278453,1295.561818,1294.686376,1297.4158,1297.319433,1300.96701,8.233968415,8.194217569620253,8.211492405063291,8.210882487341772,8.199758342
400,91,67,158,157.928941,1291.603485,1292.811788,1293.5662,1291.511805,1300.303923,8.229771666,8.182353088607595,8.187127848101266,8.174125348101267,8.174705601
401,91,68,159,158.9306841,1297.313587,1298.150283,1297.1237,1295.817465,1305.045701,8.207834599,8.164467188679245,8.1580106918239,8.14979537735849,8.15920495
402,89,70,159,158.9400501,1287.124724,1286.005444,1287.6116,1284.912308,1294.127092,8.139164098,8.088084553459119,8.098186163522012,8.081209484276728,8.09512405
403,93,66,159,158.9257392,1303.386407,1303.291864,1301.5656,1304.111203,1310.144569,8.239902951,8.19680417610063,8.18594716981132,8.201957251572326,8.197398786
404,91,69,160,159.9352628,1300.383746,1302.344387,1299.9989,1300.138151,1309.20275,8.182517189,8.13965241875,8.124993125,8.125863443750001,8.127398413
405,97,63,160,159.931971,1307.855766,1306.441994,1305.6683,1309.513335,1312.603064,8.203769147,8.1652624625,8.160426875,8.18445834375,8.174098537
406,96,64,160,159.9270541,1311.698841,1308.743557,1308.0536,1311.053238,1315.653681,8.222835508,8.17964723125,8.175335,8.1940827375,8.198117756
407,94,66,160,159.9251975,1311.958217,1308.914376,1309.3265,1312.564727,1317.414113,8.233838205,8.18071485,8.183290625,8.20352954375,8.199738856
408,93,67,160,159.9287295,1307.935366,1307.340864,1305.5338,1308.423472,1316.123927,8.225774541,8.1708804,8.15958625,8.1776467,8.174596037
409,85,75,160,159.982115,1252.356994,1257.385704,1256.3823,1253.415832,1253.71279,7.835704936,7.85866065,7.852389375,7.833848949999999,7.827231213
410,101,60,161,160.95388,1297.729651,1302.71425,1301.1735,1300.783789,1298.846341,8.067368576,8.091392857142857,8.08182298136646,8.079402416149069,8.060432615
411,95,66,161,160.9269334,1318.409582,1317.347453,1318.2445,1320.270682,1324.476813,8.226564054,8.182282316770188,8.187854037267082,8.20043901863354,8.188879391
412,97,64,161,160.9296692,1317.33167,1315.844437,1316.9133,1317.153126,1321.689446,8.209251216,8.172946813664597,8.179585714285714,8.181075316770185,8.182184286
413,92,71,163,162.941179,1317.609108,1320.472418,1318.8705,1315.2786,1325.096274,8.129424995,8.101057779141104,8.091230061349693,8.069193865030675,8.08349146
414,87,76,163,162.98269,1275.289572,1274.98487,1277.3,1276.618975,1276.607915,7.831950396,7.821993067484662,7.836196319018405,7.832018251533743,7.823862405
415,88,75,163,162.9720805,1285.901576,1286.860535,1286.6918,1286.091098,1289.152602,7.908911671,7.89484990797546,7.893814723926381,7.890129435582823,7.888966724
416,93,70,163,162.9363343,1322.854083,1324.245487,1322.6758,1321.353041,1330.523422,8.162720383,8.124205441717791,8.1145754601227,8.10646037423313,8.115669221
417,99,64,163,162.93399,1329.44398,1328.262483,1332.1586,1329.348065,1333.192646,8.179095987,8.148849588957056,8.172752147239263,8.155509601226994,8.156098037
418,100,64,164,163.93586,1335.770498,1334.853169,1335.7316,1335.443991,1338.667031,8.162603847,8.139348591463415,8.144704878048781,8.142951164634146,8.144942061
419,95,69,164,163.93356,1334.239003,1336.278143,1334.3695,1333.954705,1342.534704,8.186187222,8.148037457317074,8.136399390243902,8.133870152439025,8.135603677
420,89,75,164,163.970323,1295.605296,1295.648293,1294.8855,1295.36865,1300.451704,7.929583563,7.900294469512195,7.895643292682927,7.898589329268292,7.900032293
421,96,69,165,164.9324355,1343.3534,1343.509806,1341.8577,1342.40514,1350.332027,8.183830465,8.142483672727273,8.132470909090909,8.135788727272727,8.141535758
422,98,67,165,164.9303221,1346.790093,1344.400039,1347.3359,1346.198677,1352.008713,8.193992201,8.147879024242425,8.165672121212122,8.158779860606062,8.1623642
423,100,65,165,164.93488,1344.015806,1341.990082,1342.8992,1343.090812,1348.051989,8.170012057,8.133273224242425,8.138783030303031,8.139944315151515,8.145550339
424,93,73,166,165.950512,1331.653429,1332.517217,1331.8169,1328.833856,1339.782252,8.070977422,8.02721215060241,8.022993373493977,8.005023228915663,8.022008608
425,97,69,166,165.9335541,1350.37947,1350.245466,1350.1549,1350.867462,1357.922834,8.180258039,8.134008831325302,8.133463253012048,8.137755795180723,8.134816084
426,103,63,166,165.94997,1339.503621,1343.090075,1340.6406,1341.728696,1343.106448,8.091002699,8.090904066265061,8.076148192771084,8.082702987951807,8.069298922
427,98,68,166,165.9302931,1354.15002,1352.237539,1355.0059,1353.850556,1358.955708,8.186480171,8.146009271084337,8.162686144578315,8.155726240963856,8.157530241
428,102,65,167,166.94005,1355.337511,1354.256724,1354.3107,1355.290267,1359.066294,8.138121522,8.109321700598803,8.109644910179641,8.115510580838324,8.115793479
429,90,77,167,166.9816652,1307.779052,1307.444827,1309.7175,1309.284666,1310.909448,7.849757174,7.829010940119761,7.8426197604790415,7.840027940119761,7.831012287
430,95,72,167,166.9426,1347.821548,1348.608841,1348.4775,1345.646628,1355.361958,8.115939868,8.075502041916167,8.074715568862276,8.057764239520958,8.070787713
431,99,69,168,167.9341728,1365.938435,1365.876744,1367.0453,1367.609201,1372.499674,8.169640918,8.130218714285714,8.137174404761904,8.140530958333333,8.130585923
432,102,67,169,168.9368723,1372.961806,1371.03526,1370.2688,1370.577433,1377.192365,8.14906725,8.112634674556213,8.108099408284025,8.109925639053253,8.124034355
433,98,72,170,169.939609,1374.808631,1375.350668,1375.8397,1372.245212,1380.903334,8.122960786,8.090298047058823,8.093174705882353,8.072030658823529,8.087109594
434,95,75,170,169.9582201,1355.27802,1357.13877,1356.8512,1351.82333,1363.164878,8.018616927,7.983169235294118,7.981477647058824,7.95190194117647,7.972223647
435,102,68,170,169.9354643,1381.605583,1380.115382,1381.638,1378.221978,1385.346767,8.149098631,8.118325776470588,8.127282352941176,8.107188105882353,8.127091665
436,91,79,170,169.996122,1317.053115,1318.397169,1320.1256,1322.960418,1320.305762,7.76650448,7.755277464705883,7.765444705882353,7.782120105882353,7.747371265
437,92,78,170,169.9824953,1330.474132,1328.402869,1331.5419,1330.037974,1333.078524,7.841638374,7.814134523529412,7.832599411764706,7.823752788235295,7.826318424
438,99,72,171,170.940492,1382.054045,1383.409349,1382.9993,1380.706285,1389.00028,8.122808654,8.090113152046785,8.087715204678362,8.074305760233917,8.082187398
439,92,80,172,171.9988327,1329.929869,1329.111056,1331.3429,1334.422637,1330.6407,7.736283142,7.727389860465116,7.740365697674419,7.758271145348837,7.732150401
440,100,72,172,171.9394483,1391.093217,1391.179212,1391.9191,1389.157149,1396.894865,8.121481772,8.08825123255814,8.092552906976744,8.076495052325582,8.087751262
441,105,67,172,171.94482,1389.76496,1389.365387,1390.7543,1388.877641,1394.168025,8.105628055,8.077705738372094,8.08578081395349,8.074870005813954,8.080028837
442,93,80,173,172.997242,1339.478298,1341.707982,1340.951,1343.715444,1342.508652,7.760165618,7.755537468208092,7.751161849710983,7.767141294797687,7.742649121
443,106,67,173,172.94729,1395.532877,1394.816009,1395.8025,1394.976757,1399.479252,8.089475442,8.062520283236994,8.0682225433526,8.063449462427744,8.066664029
444,105,68,173,172.9424,1399.350908,1398.888477,1400.8427,1396.516804,1403.203833,8.111004814,8.08606056069364,8.097356647398843,8.072351468208094,8.088733572
445,103,71,174,173.9403375,1407.134906,1407.011906,1408.8729,1407.289973,1413.28583,8.122332353,8.08627532183908,8.096970689655173,8.087873408045976,8.086982218
446,98,76,174,173.9570622,1387.891415,1387.50981,1387.7457,1382.176029,1393.867579,8.010733214,7.974194310344828,7.975549999999999,7.943540396551724,7.976387443
447,99,75,174,173.953115,1392.300818,1394.482722,1392.9827,1389.568491,1400.439964,8.048505541,8.01426851724138,8.005647701149426,7.986025810344827,8.001728839
448,95,79,174,173.984761,1359.900156,1360.070586,1361.4954,1360.102022,1366.08422,7.851058735,7.816497620689655,7.824686206896552,7.816678287356322,7.815518138
449,96,79,175,174.9812741,1371.213947,1370.969095,1373.1672,1369.383591,1376.938425,7.868219571,7.834109114285714,7.8466697142857145,7.825049091428571,7.835508269
450,102,74,176,175.945634,1416.135162,1416.897591,1415.3168,1414.695562,1422.043955,8.079795196,8.050554494318181,8.041572727272728,8.038042965909092,8.046222511
451,101,75,176,175.951623,1409.824844,1412.775714,1408.3651,1408.447375,1417.810098,8.055739193,8.027134738636365,8.002074431818182,8.00254190340909,8.010368432
452,95,81,176,176.00059,1359.829213,1364.79105,1364.5353,1364.483673,1364.455612,7.752588707,7.754494602272728,7.753041477272728,7.752748142045454,7.726302347
453,106,71,177,176.9437581,1428.15279,1427.013718,1425.8187,1425.566105,1433.224131,8.097311476,8.062224395480225,8.055472881355932,8.054045790960453,8.068659831
454,101,76,177,176.9549653,1414.046091,1415.062393,1409.9833,1410.495194,1421.12139,8.028934406,7.994702785310734,7.966007344632769,7.968899401129944,7.988960966
455,102,76,178,177.9532512,1423.709406,1424.040482,1421.6787,1419.928882,1429.793798,8.032549429,8.000227426966292,7.986958988764044,7.9771285505617975,7.998367449
456,104,74,178,177.9458762,1432.044649,1432.453133,1431.1466,1431.609633,1437.634764,8.076599797,8.047489511235955,8.040149438202247,8.042750747191011,8.045194657
457,96,82,178,178.0038302,1372.213003,1374.094706,1376.7678,1375.94903,1374.639901,7.722696076,7.719633179775282,7.7346505617977535,7.730050730337078,7.709061815
458,101,78,179,178.9653634,1419.031317,1418.469901,1415.4585,1414.610241,1426.141626,7.967271655,7.924412854748603,7.90758938547486,7.902850508379888,7.927549257
459,108,71,179,178.9473274,1440.964746,1439.767513,1439.0024,1437.757048,1445.624579,8.076114968,8.043393927374302,8.039119553072625,8.032162279329608,8.05008238
460,110,69,179,178.95534,1434.974134,1438.579578,1437.0823,1434.667555,1439.387313,8.041269902,8.036757418994414,8.028392737430167,8.014902541899442,8.016615274
461,99,81,180,179.989906,1402.045967,1402.622866,1404.0917,1401.629289,1408.886062,7.827144789,7.792349255555555,7.800509444444444,7.786829383333333,7.789144261
462,102,78,180,179.9630315,1429.269803,1429.267864,1429.47,1424.04292,1435.394531,7.974414062,7.940377022222222,7.9415000000000004,7.911349555555556,7.940387794
463,111,70,181,180.95615,1449.620439,1453.323517,1452.716,1448.409876,1453.985954,8.033071566,8.029411696132597,8.026055248618784,8.002264508287292,8.008952702
464,106,75,181,180.9500679,1451.610079,1452.270701,1450.3656,1452.841056,1457.763448,8.053941704,8.02359503314917,8.013069613259669,8.026746165745855,8.019945188
465,102,79,181,180.970079,1430.041509,1430.937984,1429.9889,1425.980244,1437.405258,7.941465515,7.905734718232043,7.900491160220994,7.878343889502763,7.900781818
466,104,77,181,180.9576253,1443.105022,1443.798139,1441.3013,1440.870586,1450.182152,8.012056087,7.976785298342541,7.962990607734807,7.960610972375691,7.972955923
467,108,74,182,181.9482042,1462.147231,1458.342415,1462.5381,1460.717809,1466.564461,8.058046491,8.012870412087912,8.035923626373627,8.025922027472527,8.033775995
468,110,72,182,181.9505541,1461.428592,1458.276073,1459.7683,1457.598202,1465.445167,8.051896522,8.012505895604395,8.020704945054945,8.00878132967033,8.029827429
469,103,79,182,181.9696179,1438.538281,1438.298483,1440.5211,1435.43573,1446.740756,7.949125032,7.902738917582417,7.914951098901098,7.887009505494505,7.904056489
470,100,82,182,181.9926718,1414.871423,1416.059183,1415.5192,1413.091835,1419.334344,7.79854035,7.780544961538462,7.777578021978022,7.764240851648351,7.774018808
471,109,73,182,181.9501518,1461.068574,1458.451805,1460.1682,1459.162115,1466.651155,8.058522832,8.013471456043955,8.022902197802198,8.017374258241759,8.027849308
472,105,77,182,181.9580763,1450.752629,1451.293767,1450.5964,1450.317143,1458.548285,8.014001567,7.974141576923076,7.970309890109889,7.968775510989011,7.971168291
473,104,79,183,182.967593,1448.49095,1450.715242,1451.5522,1444.881819,1455.873428,7.955592504,7.927405693989071,7.931979234972678,7.89552906557377,7.915251093
474,102,81,183,182.9821928,1433.429418,1434.212204,1436.093,1429.819857,1439.878801,7.868190168,7.837225158469945,7.847502732240438,7.8132232622950815,7.832947639
475,104,80,184,183.9717131,1451.988065,1451.575484,1451.0963,1446.789987,1457.936091,7.92356571,7.888997195652173,7.8863929347826085,7.862989059782609,7.891239484
476,104,81,185,184.9787913,1452.73119,1453.467369,1451.7855,1448.71593,1459.48496,7.889107892,7.856580372972973,7.847489189189189,7.83089691891892,7.852601027
477,103,82,185,184.9876099,1443.786514,1440.580316,1444.8157,1441.194076,1450.54408,7.840778813,7.786920627027027,7.809814594594595,7.790238248648649,7.804251427
478,114,74,188,187.9584891,1500.976913,1498.396766,1500.9594,1497.288388,1504.688744,8.00366353,7.970195563829788,7.983826595744681,7.964299936170212,7.98391975
479,112,76,188,187.9558382,1501.975783,1499.189384,1500.3058,1500.406395,1506.026499,8.010779247,7.974411617021277,7.9803500000000005,7.9808850797872335,7.989232888
480,105,83,188,187.9922652,1462.920333,1462.727296,1464.6937,1462.021973,1471.121442,7.825114051,7.7804643404255325,7.790923936170213,7.776712622340425,7.781491133
481,113,76,189,188.9581475,1507.893312,1507.106734,1504.2802,1506.504656,1512.667245,8.003530397,7.974109703703704,7.959154497354497,7.970924105820107,7.978271492
482,116,73,189,188.96583,1502.944582,1505.904745,1502.6172,1501.847356,1507.485543,7.976113986,7.967749973544974,7.950355555555555,7.946282306878307,7.952087735
483,110,79,189,188.9639483,1500.28909,1501.924964,1499.3207,1501.609458,1506.59029,7.971377195,7.946692931216932,7.932913756613757,7.945023587301587,7.938037513
484,115,75,190,189.961818,1513.278123,1512.673283,1513.1543,1511.044105,1518.233073,7.990700387,7.961438331578948,7.96397,7.952863710526316,7.9646217
485,115,76,191,190.9609297,1521.438059,1520.190211,1519.6693,1518.691413,1525.449302,7.986645562,7.959111052356022,7.956383769633508,7.951263942408377,7.965644288
486,111,81,192,191.972225,1515.316827,1517.1127,1516.5413,1514.88427,1521.870994,7.926411428,7.901628645833333,7.898652604166667,7.890022239583334,7.892275141
487,113,79,192,191.964813,1523.686517,1524.933164,1523.1998,1529.299643,1529.462894,7.96595257,7.942360229166667,7.933332291666667,7.965102307291667,7.935867276
488,111,83,194,193.982834,1520.105705,1520.865016,1523.0779,1518.714841,1527.295186,7.872655599,7.839510391752577,7.850917010309279,7.828427015463918,7.835596418
489,110,84,194,193.9881856,1514.388806,1511.781077,1517.5658,1511.168817,1520.100884,7.835571566,7.792685963917526,7.82250412371134,7.789529984536083,7.806127866
490,113,81,194,193.9712,1532.406077,1535.732411,1532.5503,1533.794625,1538.014912,7.927911918,7.916146448453608,7.89974381443299,7.9061578608247425,7.899000397
491,110,86,196,196.0021152,1516.086205,1515.550078,1519.8733,1514.702681,1521.993746,7.765274216,7.732398357142857,7.7544556122448975,7.728074903061224,7.735133699
492,120,77,197,196.9696533,1560.986752,1562.624074,1561.3181,1556.819741,1561.786301,7.927849243,7.932101898477158,7.925472588832487,7.902638279187817,7.923790619
493,116,81,197,196.9695745,1558.121879,1557.974011,1556.5428,1561.42364,1560.915478,7.923428822,7.908497517766498,7.9012324873096444,7.926008324873096,7.909248117
494,121,77,198,197.97228,1566.608782,1570.102717,1574.732,1562.919691,1568.210821,7.920256673,7.929811702020202,7.953191919191919,7.8935337929292935,7.912165566
495,113,85,198,197.9928372,1541.593557,1541.677004,1542.3604,1540.902533,1548.982118,7.823142008,7.786247494949494,7.78969898989899,7.782336025252525,7.785826045
496,114,84,198,197.9833886,1551.124763,1551.183515,1554.6099,1548.447063,1555.591132,7.856520867,7.8342601767676765,7.851565151515151,7.820439712121212,7.833963449
497,118,82,200,199.9718267,1579.492984,1577.80318,1578.348,1578.511452,1580.14292,7.9007146,7.8890159,7.8917399999999995,7.89255726,7.89746492
498,121,79,200,199.9707256,1582.721785,1582.917762,1586.2029,1578.151213,1583.042979,7.915214896,7.914588810000001,7.9310145,7.890756065000001,7.913608925
499,119,82,201,200.9728845,1586.57566,1585.75141,1582.7766,1584.598531,1586.57487,7.893407315,7.889310497512438,7.874510447761193,7.883574781094528,7.893411244
500,120,81,201,200.9708189,1589.233292,1588.157943,1585.7777,1585.751582,1589.104186,7.905990976,7.901283298507463,7.889441293532339,7.889311353233832,7.906633294
501,124,78,202,201.97574,1594.922913,1598.932785,1602.664,1588.842591,1592.646289,7.884387569,7.915508836633663,7.9339801980198015,7.865557381188119,7.895657985
502,124,79,203,202.9751545,1602.800942,1605.918036,1605.7249,1596.383796,1600.547158,7.884468758,7.910926285714286,7.90997487684729,7.863959586206897,7.895571143
503,118,86,204,203.9914287,1590.575236,1588.435676,1588.8772,1586.746071,1594.296554,7.815179186,7.786449392156863,7.788613725490196,7.778167014705883,7.796937431
504,125,79,204,203.977724,1608.476225,1612.328616,1612.7303,1602.437937,1606.086603,7.872973542,7.903571647058824,7.9055406862745095,7.8550879264705875,7.884687377
505,119,85,204,203.9872513,1595.198954,1596.422056,1593.6239,1593.473266,1599.493758,7.840655678,7.82559831372549,7.811881862745098,7.811143460784313,7.819602716
506,120,85,205,204.9860745,1604.362042,1605.900738,1601.5098,1601.858595,1607.312135,7.840546999,7.8336621365853665,7.812242926829269,7.813944365853658,7.826156302
507,119,86,205,204.9917188,1598.37264,1597.798733,1594.6273,1595.141379,1602.536004,7.817248799,7.79414016097561,7.778669756097561,7.781177458536585,7.796939707
508,121,84,205,204.9812033,1609.631689,1610.923223,1608.6718,1606.640447,1610.922222,7.858157183,7.8581620634146345,7.847179512195122,7.837270473170732,7.851861898
509,123,82,205,204.9744818,1617.358523,1615.963821,1614.8107,1608.928881,1615.425112,7.8801225,7.882750346341464,7.877125365853659,7.848433565853659,7.889553771
510,117,89,206,206.014505,1583.022498,1586.448494,1588.0618,1583.422881,1590.562539,7.721177375,7.701206281553398,7.709037864077669,7.686518839805825,7.684575233
511,122,85,207,206.9857835,1620.767938,1621.365793,1621.1769,1617.664275,1622.456744,7.837955287,7.832684990338164,7.831772463768115,7.8148032608695654,7.829796802
512,123,85,208,207.98659,1628.084574,1628.645386,1625.1698,1623.74964,1629.787704,7.835517809,7.830025894230769,7.8133163461538455,7.806488653846154,7.827329683
513,128,81,209,208.985359,1640.236359,1638.02406,1640.1362,1632.94275,1638.017205,7.837402896,7.837435693779904,7.847541626794258,7.813123205741626,7.848020856
514,120,89,209,209.0094949,1611.889364,1611.916105,1611.1708,1608.568802,1617.555777,7.739501327,7.712517248803827,7.708951196172249,7.696501444976077,7.712389301
515,126,83,209,208.9803987,1643.38528,1640.813108,1642.2413,1632.121554,1639.782612,7.845849819,7.850780421052632,7.857613875598085,7.8091940382775125,7.863087464
516,120,90,210,210.0150753,1614.02694,1616.889664,1615.1895,1610.244486,1618.910761,7.709098864,7.699474590476191,7.691378571428571,7.667830885714286,7.685842571
517,124,86,210,209.9896962,1640.593118,1642.297333,1642.0874,1634.763414,1641.249069,7.815471758,7.8204634904761905,7.819463809523809,7.7845876857142855,7.812348181
518,121,89,210,210.009436,1620.011687,1621.971849,1623.3104,1616.961736,1626.208478,7.743849896,7.723675471428572,7.730049523809524,7.699817790476191,7.714341367
519,129,82,211,210.988737,1652.491856,1649.966095,1652.5117,1644.943124,1651.011966,7.824701263,7.8197445260663505,7.831809004739337,7.795938976303317,7.831714957
520,123,88,211,211.000898,1636.762611,1634.426644,1635.0913,1632.052602,1640.436362,7.774579913,7.746097838862559,7.749247867298578,7.734846454976303,7.757168773
521,128,83,211,210.9872695,1653.12354,1651.332723,1652.781,1644.328149,1652.092955,7.82982443,7.826221436018957,7.833085308056872,7.793024402843602,7.83470872
522,129,83,212,211.9912857,1657.451945,1657.042052,1655.9629,1650.435409,1658.031076,7.820901304,7.816236094339622,7.811145754716981,7.785072683962264,7.818169552
523,126,86,212,211.9907035,1655.790296,1654.751868,1654.9564,1646.930012,1655.618697,7.809522158,7.805433339622642,7.806398113207547,7.768537792452831,7.810331585
524,130,83,213,212.9943847,1662.634263,1663.027653,1657.9075,1656.536412,1663.827215,7.811395375,7.807641563380282,7.7836032863849764,7.777166253521126,7.805794662
525,131,82,213,212.9965815,1661.323602,1661.814533,1658.6416,1656.727388,1661.988649,7.80276361,7.801946164319249,7.787049765258216,7.778062854460094,7.799641324
526,123,90,213,213.0130101,1640.152103,1637.41677,1636.5784,1635.41044,1645.106222,7.723503392,7.6874026760563385,7.683466666666667,7.677983286384977,7.700244615
527,131,83,214,213.9987115,1666.6735,1667.2445,1665.7146,1662.64579,1669.48336,7.80132411,7.79086214953271,7.78371308411215,7.76937285046729,7.788193925
528,125,90,215,215.0117303,1657.478572,1655.781458,1656.9144,1652.188402,1661.740094,7.729023694,7.701309106976744,7.706578604651162,7.684597218604651,7.70920266
529,130,85,215,214.9986526,1673.326705,1672.458993,1671.0789,1666.390968,1676.808638,7.799109943,7.778879037209302,7.77246,7.750655665116279,7.782914907
530,129,87,216,216.003198,1675.693307,1676.73407,1675.3778,1670.167554,1681.033,7.782560185,7.7626577314814815,7.756378703703704,7.732257194444445,7.757839384
531,133,83,216,216.0063059,1675.738088,1678.594095,1676.498,1674.634799,1680.383444,7.779552984,7.771268958333333,7.761564814814815,7.752938884259259,7.758046704
532,131,86,217,217.0039277,1683.816003,1681.686574,1683.9967,1677.419537,1688.907822,7.782985355,7.749707714285715,7.760353456221198,7.730043949308755,7.759520751
533,127,90,217,217.0131143,1672.325042,1670.357435,1673.3875,1668.984485,1677.731521,7.731481662,7.697499700460829,7.711463133640553,7.691172741935484,7.706567014
534,130,87,217,217.004632,1682.425741,1680.87482,1680.233,1676.257199,1687.779299,7.777784787,7.745966912442396,7.743009216589861,7.724687552995391,7.753114014
535,130,88,218,218.0071402,1687.423535,1686.583374,1682.6359,1681.18703,1692.523162,7.763867715,7.7366209816513765,7.718513302752293,7.7118671100917435,7.740474931
536,126,92,218,218.0235357,1669.221089,1672.316174,1668.1187,1663.937488,1674.03651,7.679066559,7.671175110091744,7.651920642201834,7.632740770642202,7.656977472
537,135,83,218,218.014316,1684.41566,1688.355654,1683.1829,1686.420081,1690.746527,7.755718013,7.7447507064220185,7.721022477064221,7.73587193119266,7.726677339
538,133,87,220,220.0123274,1699.463786,1699.084241,1701.8534,1694.549283,1707.151534,7.759779698,7.723110186363637,7.735697272727273,7.702496740909091,7.724835391
539,128,92,220,220.024723,1684.250687,1685.004829,1689.3265,1680.732233,1690.665993,7.684845421,7.659112859090909,7.678756818181817,7.639691968181818,7.655684941
540,132,88,220,220.0110284,1699.938596,1698.086683,1701.3024,1693.37328,1706.049171,7.754768961,7.718575831818182,7.733192727272727,7.697151272727273,7.726993618
541,130,91,221,221.021878,1695.701428,1696.791632,1691.7408,1695.861825,1703.84713,7.709715519,7.677790190045249,7.654935746606335,7.673582918552036,7.67285714
542,134,87,221,221.0142548,1705.736864,1705.006213,1703.8539,1700.642294,1713.326587,7.75260899,7.714960239819004,7.7097461538461545,7.695214,7.718266353
543,134,88,222,222.0153745,1712.027351,1710.524449,1710.5669,1705.562653,1719.002363,7.743253889,7.705065085585586,7.705256306306307,7.682714653153153,7.711834914
544,137,86,223,223.02179,1715.591126,1714.846973,1718.184,1714.020563,1724.175399,7.731728245,7.6898967399103135,7.704860986547085,7.686190865470852,7.693233749
545,135,89,224,224.0217229,1721.517407,1721.093474,1716.71,1716.598543,1730.684435,7.726269799,7.683453008928572,7.663883928571429,7.663386352678572,7.685345567
546,138,87,225,225.0255654,1727.476645,1726.327313,1728.1835,1725.038902,1736.665156,7.718511804,7.672565835555556,7.680815555555556,7.6668395644444445,7.677673978
547,133,92,225,225.0293907,1720.242495,1723.246017,1723.3215,1719.229286,1729.5322,7.686809778,7.6588711866666666,7.659206666666667,7.6410190488888885,7.6455222
548,132,93,225,225.0339139,1715.296837,1723.109998,1721.7224,1716.005813,1724.876218,7.666116525,7.658266657777777,7.652099555555556,7.626692502222222,7.623541498
549,133,93,226,226.035145,1722.21817,1729.570967,1730.4551,1724.18126,1732.57838,7.666276016,7.652968880530974,7.656880973451327,7.629120619469027,7.620434381
550,140,88,228,228.0310703,1745.819486,1744.028132,1743.9844,1742.148901,1754.575598,7.695507011,7.649246192982456,7.649054385964913,7.641003951754386,7.657103009
551,141,87,228,228.035729,1742.216795,1741.914354,1740.9034,1743.347822,1752.789481,7.687673162,7.639975236842106,7.635541228070175,7.646262377192982,7.641301732
552,136,93,229,229.0362638,1745.37903,1746.614279,1750.8983,1742.428482,1754.805303,7.662905255,7.62713658951965,7.645844104803493,7.608858000000001,7.621742489
553,140,89,229,229.0330152,1751.341712,1750.247064,1753.4136,1747.07489,1761.117034,7.690467398,7.643000279475982,7.656827947598254,7.629147991266376,7.647780402
554,140,90,230,230.0331338,1758.564224,1756.405839,1755.072,1751.98842,1767.17158,7.683354696,7.636547126086956,7.630747826086956,7.617340956521739,7.645931409
555,141,90,231,231.0363043,1763.679976,1762.26001,1761.7814,1758.089911,1773.082268,7.675680812,7.628831212121212,7.626759307359308,7.610778835497835,7.634978251
556,143,88,231,231.04122,1760.572577,1759.606069,1761.4885,1760.457727,1770.601587,7.664941936,7.61734229004329,7.625491341991341,7.621029121212121,7.621526307
557,138,93,231,231.0382451,1759.669414,1760.155952,1759.6772,1754.601724,1768.909282,7.65761594,7.619722735930736,7.617650216450217,7.59567845887446,7.617616511
558,144,88,232,232.043638,1766.388907,1766.068805,1766.7933,1766.554084,1775.693983,7.653853374,7.612365538793104,7.615488362068966,7.61445725862069,7.613745289
559,140,93,233,233.0407405,1773.481172,1773.7708,1774.9052,1766.778474,1782.459209,7.650039523,7.612750214592275,7.617618884120171,7.582740231759656,7.611507176
560,146,88,234,234.050704,1775.945436,1780.556653,1774.7837,1778.940414,1785.513966,7.630401562,7.609216465811966,7.584545726495726,7.602309461538461,7.58951041
561,145,89,234,234.04842,1777.337281,1780.553322,1775.0518,1777.579289,1788.299372,7.64230501,7.609202230769231,7.585691452991453,7.596492688034188,7.595458466
562,144,91,235,235.0454436,1786.706678,1785.761981,1786.132,1781.304566,1796.491106,7.644643003,7.59898715319149,7.60056170212766,7.580019429787234,7.60300714
563,145,90,235,235.0475101,1785.517326,1784.42712,1784.2749,1782.485804,1795.446197,7.640196582,7.593306893617021,7.5926591489361694,7.585045974468085,7.597946068
564,142,94,236,236.046058,1791.998482,1791.043833,1790.5059,1783.887195,1800.059148,7.627369269,7.589168783898305,7.586889406779662,7.55884404661017,7.593213907
565,142,95,237,237.049996,1795.665133,1795.884958,1796.8937,1788.826779,1804.183588,7.612588979,7.577573662447258,7.581829957805907,7.547792316455697,7.576646131
566,139,98,237,237.06207,1782.220562,1787.842514,1788.2468,1783.139296,1790.806249,7.55614451,7.543639299578059,7.545345147679324,7.523794497890296,7.519917983
567,146,92,238,238.0507882,1805.198759,1803.278755,1801.8386,1798.413472,1814.000942,7.621852697,7.576801491596639,7.570750420168068,7.55635912605042,7.584868735
568,144,94,238,238.0495599,1804.873188,1803.168085,1800.2684,1796.07081,1812.976024,7.617546318,7.5763364915966385,7.56415294117647,7.546516008403361,7.58350079
569,148,91,239,239.05726,1807.97556,1809.084203,1809.7633,1805.704624,1818.224262,7.607632897,7.569389970711296,7.572231380753139,7.5552494728033475,7.564751297
570,145,94,239,239.0521634,1810.516817,1809.921716,1809.0192,1802.168432,1819.239452,7.611880553,7.572894209205021,7.569117991631799,7.540453690376569,7.575384172
571,142,98,240,240.062302,1806.207032,1805.943575,1809.039,1803.648888,1813.80542,7.557522585,7.524764895833333,7.5376625,7.5152037,7.525862633
572,144,96,240,240.0555295,1813.981347,1813.56152,1814.3656,1805.936974,1821.62787,7.590116127,7.556506333333333,7.559856666666667,7.524737391666666,7.558255613
573,148,93,241,241.0582524,1821.717492,1820.968795,1818.6876,1815.536837,1831.393749,7.599144185,7.555887116182572,7.5464215767634855,7.533347871369295,7.558993743
574,149,92,241,241.06033,1820.517805,1820.293074,1816.8848,1816.718151,1830.387906,7.594970565,7.553083294605809,7.5389410788381745,7.538249589211619,7.554015788
575,147,94,241,241.0568515,1822.287171,1821.216739,1817.4944,1814.360139,1831.384365,7.599105249,7.5569159294605805,7.5414705394190875,7.528465307053941,7.561357556
576,149,93,242,242.0616412,1826.630007,1826.830516,1827.7897,1821.639816,1836.945111,7.590682279,7.548886429752066,7.55285,7.527437256198348,7.54805788
577,149,94,243,243.0620031,1833.626006,1831.378532,1828.7545,1826.555007,1843.030479,7.584487566,7.53653716872428,7.525738683127572,7.516687271604938,7.545786033
578,148,95,243,243.0613811,1833.470529,1831.126816,1828.542,1825.383622,1842.676855,7.583032324,7.535501300411522,7.524864197530864,7.511866757201647,7.54514621
579,146,97,243,243.0630076,1830.48714,1828.770217,1826.6709,1823.060433,1838.94524,7.567675883,7.525803362139918,7.517164197530865,7.502306308641976,7.532868889
580,150,93,243,243.064279,1832.241702,1831.060327,1828.7327,1827.737673,1842.37598,7.581794157,7.535227683127571,7.525648971193416,7.521554209876544,7.540089309
581,149,95,244,244.0642848,1838.834672,1839.307427,1840.025,1831.483293,1848.648176,7.576426951,7.538145192622951,7.541086065573771,7.506079069672131,7.536207672
582,145,99,244,244.070883,1829.753512,1830.779738,1833.3107,1826.859734,1838.513506,7.534891417,7.503195647540983,7.513568442622951,7.4871300573770485,7.498989803
583,148,97,245,245.0663616,1843.49954,1842.635415,1839.4491,1835.243039,1852.106772,7.559619479,7.52096087755102,7.507955510204082,7.490787914285714,7.524487918
584,145,100,245,245.075385,1832.895078,1832.405475,1830.8066,1831.803166,1841.013378,7.514340317,7.479206020408164,7.4726799999999995,7.47674761632653,7.4812044
585,147,98,245,245.0680486,1841.194384,1840.417982,1836.961,1834.087405,1849.410105,7.548612675,7.511910130612245,7.4978,7.486071040816326,7.515079118
586,150,95,245,245.0664521,1844.884403,1843.855201,1841.8904,1837.57794,1854.496713,7.569374338,7.525939595918367,7.51792,7.500318122448979,7.53014042
587,150,96,246,246.0672237,1851.498972,1849.208898,1850.1848,1842.495925,1859.859276,7.560403559,7.517109341463415,7.521076422764228,7.489820833333333,7.526418585
588,146,101,247,247.081635,1842.476744,1845.7954,1847.9171,1842.838384,1850.692318,7.492681449,7.472855870445344,7.481445748987854,7.460884145748987,7.459420016
589,149,98,247,247.0710006,1854.581047,1854.444838,1855.3494,1846.267269,1862.735976,7.541441199,7.50787383805668,7.511536032388665,7.474766271255061,7.508425291
590,148,100,248,248.0771947,1855.412709,1853.235738,1851.836,1850.055101,1862.847027,7.511479948,7.47272475,7.467080645161291,7.459899600806451,7.481502859
591,152,100,252,252.0824669,1882.774241,1880.037345,1877.614,1874.410518,1890.147439,7.500585077,7.460465654761904,7.450849206349207,7.438136976190476,7.471326353
592,149,103,252,252.095371,1868.556847,1870.182702,1864.6918,1870.997117,1877.233147,7.449337885,7.4213599285714285,7.399570634920635,7.424591734126984,7.414908123
593,153,99,252,252.0829785,1883.0325,1881.770789,1878.6527,1875.58115,1892.497182,7.509909453,7.4673444007936505,7.454971031746032,7.442782341269841,7.47235119
594,151,101,252,252.08656,1878.229006,1877.299755,1873.8314,1873.271297,1886.820186,7.48738169,7.4496022023809525,7.435838888888889,7.433616257936508,7.453289706
595,156,96,252,252.08487,1883.475191,1883.38086,1882.2295,1879.164855,1893.681347,7.51460852,7.473733571428571,7.469164682539682,7.457003392857143,7.474107901
596,155,97,252,252.08431,1883.261992,1883.07016,1879.6173,1877.924516,1894.264136,7.516921175,7.472500634920634,7.458798809523809,7.452081412698413,7.473261873
597,151,102,253,253.090678,1881.728076,1881.707653,1881.9081,1878.212109,1889.687721,7.469121425,7.4375796561264815,7.438371936758894,7.423763276679842,7.437660379
598,152,101,253,253.08728,1885.626173,1885.889113,1885.9208,1879.356072,1893.660643,7.484824674,7.454107166007905,7.454232411067194,7.428284869565218,7.453067877
599,151,103,254,254.096454,1883.683549,1886.090638,1881.9476,1883.164231,1892.118031,7.449283588,7.425553692913385,7.409242519685039,7.4140324055118105,7.416076965
600,157,98,255,255.091046,1900.458679,1899.885665,1901.5912,1895.042914,1911.112284,7.494557975,7.450532019607843,7.457220392156863,7.431540839215686,7.452779133
601,152,104,256,256.1011662,1894.696906,1893.750661,1896.2789,1894.18896,1901.567593,7.427998409,7.39746351953125,7.407339453125,7.399175625,7.401159789
602,156,100,256,256.0917731,1906.380118,1904.368662,1906.9303,1898.793453,1915.466685,7.482291739,7.4389400859375,7.448946484375,7.41716192578125,7.446797336
603,154,102,256,256.0942827,1902.574563,1900.120461,1902.1958,1896.476289,1910.446291,7.462680824,7.42234555078125,7.43045234375,7.40811050390625,7.431931887
604,154,103,257,257.099555,1904.99898,1904.544665,1902.7933,1901.424975,1913.485932,7.445470552,7.410679630350194,7.403864980544747,7.398540758754863,7.412447393
605,154,104,258,258.103489,1908.669354,1907.232187,1909.9546,1906.364532,1916.090993,7.426709275,7.392372817829457,7.4029248062015505,7.389009813953488,7.397943233
606,159,99,258,258.09952,1916.037288,1916.996506,1922.0062,1912.173167,1927.846725,7.472274129,7.430219015503876,7.449636434108527,7.4115239031007745,7.426501116
607,153,106,259,259.1145,1905.016483,1905.605638,1902.6685,1910.185222,1912.410411,7.383823982,7.357550725868726,7.346210424710424,7.375232517374518,7.355275996
608,159,101,260,260.103652,1926.856253,1926.979042,1928.9104,1922.026796,1938.128607,7.454340796,7.411457853846153,7.418886153846154,7.392410753846154,7.410985588
609,156,105,261,261.112056,1924.16138,1923.638025,1924.9261,1923.495419,1932.688327,7.404936118,7.370260632183908,7.375195785440613,7.369714249042146,7.372265824
610,156,106,262,262.116398,1927.451907,1926.663973,1924.6779,1928.437759,1934.834061,7.384862827,7.353679286259542,7.346098854961832,7.360449461832061,7.356686668
611,157,105,262,262.114084,1930.3408,1932.397993,1927.702,1929.589116,1939.714587,7.403490788,7.375564858778626,7.357641221374045,7.364843954198474,7.367712977
612,158,104,262,262.109925,1934.947388,1935.460182,1931.101,1930.727888,1943.64922,7.418508473,7.387252603053435,7.370614503816794,7.36919041221374,7.385295374
613,161,103,264,264.114038,1947.987719,1945.030236,1943.5568,1944.082813,1959.069899,7.420719315,7.367538772727273,7.361957575757576,7.363950049242424,7.37874136
614,156,108,264,264.1283949,1930.94865,1929.44439,1929.2996,1938.345038,1937.854554,7.340358157,7.308501477272728,7.307953030303031,7.3422160530303024,7.314199432
615,160,105,265,265.118601,1950.337935,1946.551879,1944.6727,1947.859519,1960.755278,7.399076521,7.345478788679245,7.338387547169812,7.350413279245283,7.359765792
616,158,108,266,266.130097,1945.498969,1944.52951,1945.9324,1950.516375,1952.969653,7.341991175,7.310261315789474,7.315535338345865,7.332768327067669,7.313905898
617,161,106,267,267.124425,1960.316207,1958.528937,1954.174,1958.891832,1969.742997,7.377314597,7.335314370786517,7.319003745318352,7.336673528089888,7.342008266
618,158,109,267,267.137307,1946.119388,1945.483558,1943.6984,1955.478279,1954.244607,7.319268192,7.286455273408239,7.279769288389513,7.323888685393258,7.288836659
619,163,105,268,268.125445,1968.168633,1968.122336,1970.447,1966.145795,1979.363403,7.385684339,7.343740059701492,7.3524141791044775,7.336364906716417,7.34391281
620,165,107,272,272.138032,1987.250968,1986.646717,1988.2012,1988.216826,1999.018172,7.349331514,7.303848224264706,7.309563235294117,7.30962068382353,7.306069735
621,165,108,273,273.141986,1990.902722,1989.990354,1989.182,1993.156519,2002.061868,7.333559955,7.289341956043956,7.286380952380952,7.30093963003663,7.292683963
622,165,109,274,274.147492,1993.109565,1992.301428,1993.7622,1998.106799,2004.684883,7.316368187,7.271173094890511,7.276504379562043,7.29236058029197,7.2741225
623,164,110,274,274.149492,1990.513006,1987.209149,1989.2588,1996.9533,1999.850117,7.298723054,7.252588135036496,7.260068613138686,7.288150729927007,7.264646007
624,167,107,274,274.14244,1999.282095,1998.646679,2002.0667,2000.406621,2011.621697,7.341685025,7.294330945255474,7.306812773722628,7.300754091240877,7.296649982
625,164,111,275,275.156142,1991.654784,1991.560809,1990.9182,2001.911384,2001.45202,7.278007345,7.242039305454545,7.239702545454546,7.27967776,7.242381033
626,167,108,275,275.145952,2003.345351,2003.516892,2004.2783,2005.3433,2015.042845,7.327428526,7.285515970909091,7.288284727272727,7.292157454545454,7.284892185
627,168,108,276,276.147208,2010.243502,2008.371736,2007.8884,2011.431731,2021.365394,7.323787658,7.276709188405797,7.2749579710144925,7.287796126811594,7.283490949
628,166,112,278,278.164312,2007.516417,2006.698899,2006.6503,2019.039563,2017.362721,7.256700434,7.218341363309352,7.21816654676259,7.262732241007194,7.221282076
629,170,109,279,279.156193,2025.346371,2025.30099,2025.7787,2028.609082,2037.239414,7.301933382,7.259143333333333,7.260855555555556,7.27100029390681,7.259305989
630,169,112,281,281.169286,2027.088085,2027.369502,2027.9076,2037.313083,2038.573066,7.254708419,7.214838085409252,7.216753024911032,7.250224494661921,7.213836601
631,172,113,285,285.178732,2049.82925,2049.85697,2047.2206,2060.52983,2061.038684,7.23171468,7.192480596491228,7.183230175438597,7.2299292280701755,7.192383333
